顶级黑暗森林大逃杀游戏，现在开始！

第1回合：
文明3348抹杀了文明3345！
文明3823抹杀了文明3822！
文明4058抹杀了文明4054！
剩余文明数量：4997

第2回合：
文明75抹杀了文明70！
文明198抹杀了文明197！
文明253抹杀了文明252！
文明273抹杀了文明261！
文明320抹杀了文明318！
文明324抹杀了文明4546！
文明663在与文明662的战斗中因内乱而毁灭！
文明694抹杀了文明689！
文明1191抹杀了文明719！
文明720抹杀了文明716！
文明741抹杀了文明737！
文明769在与文明770的战斗中因内乱而毁灭！
文明831抹杀了文明827！
文明868抹杀了文明860！
文明868抹杀了文明873！
文明1083抹杀了文明1076！
文明1091抹杀了文明1086！
文明1110抹杀了文明1109！
文明1214抹杀了文明1198！
文明1228抹杀了文明1225！
文明1319抹杀了文明1320！
文明1401抹杀了文明1395！
文明1505抹杀了文明1504！
文明1505抹杀了文明1534！
文明1601抹杀了文明1598！
文明1758抹杀了文明1756！
文明1767抹杀了文明1765！
文明1804抹杀了文明1802！
文明1804抹杀了文明1809！
文明1832抹杀了文明1828！
文明1903抹杀了文明1896！
文明2855抹杀了文明1985！
文明2024抹杀了文明2020！
文明2058抹杀了文明2033！
文明2118抹杀了文明2114！
文明2198抹杀了文明2195！
文明2262抹杀了文明4812！
文明2349抹杀了文明2342！
文明2397抹杀了文明2394！
文明2429抹杀了文明2431！
文明2453抹杀了文明2451！
文明2528抹杀了文明2526！
文明2617抹杀了文明2611！
文明2999抹杀了文明2634！
文明2640抹杀了文明2645！
文明2660抹杀了文明2656！
文明2701抹杀了文明2699！
文明2715抹杀了文明1851！
文明2759抹杀了文明682！
文明2849抹杀了文明2848！
文明2857抹杀了文明2854！
文明3182在与文明2860的战斗中因内乱而毁灭！
文明2900抹杀了文明2897！
文明2920抹杀了文明2910！
文明2952抹杀了文明2944！
文明3043抹杀了文明3044！
文明3043抹杀了文明3045！
文明3079抹杀了文明3076！
文明3151抹杀了文明3147！
文明3239抹杀了文明3246！
文明3373抹杀了文明3371！
文明3387在与文明3386的战斗中因内乱而毁灭！
文明3415抹杀了文明3406！
文明3422抹杀了文明3421！
文明4277抹杀了文明3432！
文明3422抹杀了文明3435！
文明888抹杀了文明3502！
文明3504抹杀了文明3500！
文明3504抹杀了文明3509！
文明3522抹杀了文明3521！
文明3561抹杀了文明3555！
文明3565抹杀了文明3566！
文明3565抹杀了文明3580！
文明3627抹杀了文明3622！
文明3946抹杀了文明3936！
文明4057抹杀了文明4048！
文明4082抹杀了文明4081！
文明4082抹杀了文明4086！
文明4121抹杀了文明4100！
文明4127抹杀了文明4122！
文明4175抹杀了文明4174！
文明4179抹杀了文明4177！
文明4196抹杀了文明4193！
文明4250抹杀了文明4249！
文明4327抹杀了文明4321！
文明4412抹杀了文明1815！
文明4459抹杀了文明4458！
文明4473在与文明4472的战斗中因内乱而毁灭！
文明4603抹杀了文明4595！
文明4615抹杀了文明4612！
文明4636抹杀了文明4635！
文明4650在与文明4653的战斗中因内乱而毁灭！
文明4664抹杀了文明4658！
文明4690在与文明1535的战斗中因内乱而毁灭！
文明4693抹杀了文明4692！
文明4747抹杀了文明4757！
文明4774抹杀了文明4771！
文明4975抹杀了文明4973！
恭喜文明167成为2级文明
恭喜文明183成为2级文明
恭喜文明278成为2级文明
恭喜文明324成为2级文明
恭喜文明419成为2级文明
恭喜文明444成为2级文明
恭喜文明517成为2级文明
恭喜文明522成为2级文明
恭喜文明607成为2级文明
恭喜文明660成为2级文明
恭喜文明704成为2级文明
恭喜文明712成为2级文明
恭喜文明747成为2级文明
恭喜文明770成为2级文明
恭喜文明825成为2级文明
恭喜文明868成为2级文明
恭喜文明952成为2级文明
恭喜文明956成为2级文明
恭喜文明1031成为2级文明
恭喜文明1036成为2级文明
恭喜文明1042成为2级文明
恭喜文明1064成为2级文明
恭喜文明1083成为2级文明
恭喜文明1129成为2级文明
恭喜文明1141成为2级文明
恭喜文明1196成为2级文明
恭喜文明1214成为2级文明
恭喜文明1228成为2级文明
恭喜文明1435成为2级文明
恭喜文明1505成为2级文明
恭喜文明1582成为2级文明
恭喜文明1601成为2级文明
恭喜文明1758成为2级文明
恭喜文明1777成为2级文明
恭喜文明1804成为2级文明
恭喜文明1832成为2级文明
恭喜文明1945成为2级文明
恭喜文明2024成为2级文明
恭喜文明2040成为2级文明
恭喜文明2101成为2级文明
恭喜文明2118成为2级文明
恭喜文明2160成为2级文明
恭喜文明2198成为2级文明
恭喜文明2241成为2级文明
恭喜文明2299成为2级文明
恭喜文明2349成为2级文明
恭喜文明2393成为2级文明
恭喜文明2397成为2级文明
恭喜文明2429成为2级文明
恭喜文明2453成为2级文明
恭喜文明2506成为2级文明
恭喜文明2528成为2级文明
恭喜文明2546成为2级文明
恭喜文明2617成为2级文明
恭喜文明2640成为2级文明
恭喜文明2715成为2级文明
恭喜文明2759成为2级文明
恭喜文明2841成为2级文明
恭喜文明2849成为2级文明
恭喜文明2855成为2级文明
恭喜文明2857成为2级文明
恭喜文明2900成为2级文明
恭喜文明2902成为2级文明
恭喜文明2930成为2级文明
恭喜文明2989成为2级文明
恭喜文明2999成为2级文明
恭喜文明3245成为2级文明
恭喜文明3348成为2级文明
恭喜文明3351成为2级文明
恭喜文明3386成为2级文明
恭喜文明3397成为2级文明
恭喜文明3398成为2级文明
恭喜文明3415成为2级文明
恭喜文明3423成为2级文明
恭喜文明3504成为2级文明
恭喜文明3536成为2级文明
恭喜文明3565成为2级文明
恭喜文明3567成为2级文明
恭喜文明3627成为2级文明
恭喜文明3726成为2级文明
恭喜文明3743成为2级文明
恭喜文明3791成为2级文明
恭喜文明3823成为2级文明
恭喜文明3904成为2级文明
恭喜文明3958成为2级文明
恭喜文明4057成为2级文明
恭喜文明4058成为2级文明
恭喜文明4082成为2级文明
恭喜文明4121成为2级文明
恭喜文明4127成为2级文明
恭喜文明4175成为2级文明
恭喜文明4340成为2级文明
恭喜文明4389成为2级文明
恭喜文明4403成为2级文明
恭喜文明4603成为2级文明
恭喜文明4615成为2级文明
恭喜文明4664成为2级文明
恭喜文明4765成为2级文明
恭喜文明4917成为2级文明
恭喜文明4975成为2级文明
剩余文明数量：4899

第3回合：
文明1511抹杀了文明44！
文明78抹杀了文明76！
文明78抹杀了文明81！
文明97抹杀了文明90！
文明105抹杀了文明101！
文明105抹杀了文明122！
文明2641抹杀了文明124！
文明138抹杀了文明130！
文明141抹杀了文明140！
文明141抹杀了文明143！
文明146抹杀了文明144！
文明157抹杀了文明152！
文明3961抹杀了文明163！
文明171抹杀了文明165！
高维文明183抹杀了低维文明182!
文明886抹杀了文明210！
文明213抹杀了文明219！
文明235抹杀了文明234！
文明237抹杀了文明242！
文明273抹杀了文明266！
文明285抹杀了文明283！
文明294抹杀了文明287！
高维文明324抹杀了低维文明322!
文明338抹杀了文明333！
文明363抹杀了文明360！
文明229抹杀了文明383！
文明384抹杀了文明381！
文明403在与文明4387的战斗中因内乱而毁灭！
文明415抹杀了文明408！
高维文明419抹杀了低维文明415!
文明426抹杀了文明425！
文明426抹杀了文明427！
文明430抹杀了文明4274！
文明454抹杀了文明449！
文明462抹杀了文明761！
文明480抹杀了文明478！
文明507抹杀了文明503！
文明509抹杀了文明508！
文明509抹杀了文明511！
文明516抹杀了文明515！
高维文明522抹杀了低维文明516!
文明572抹杀了文明564！
文明576抹杀了文明575！
文明1177抹杀了文明609！
文明637抹杀了文明1951！
文明643抹杀了文明642！
文明650抹杀了文明649！
文明658抹杀了文明656！
高维文明660抹杀了低维文明658!
文明665抹杀了文明664！
高维文明770抹杀了低维文明685!
文明686抹杀了文明679！
文明699抹杀了文明695！
高维文明704抹杀了低维文明702!
高维文明712抹杀了低维文明4001!
文明735抹杀了文明733！
文明777抹杀了文明765！
文明777抹杀了文明779！
文明1136抹杀了文明783！
文明785抹杀了文明782！
文明788抹杀了文明786！
文明799抹杀了文明798！
文明805抹杀了文明800！
文明809抹杀了文明808！
文明834抹杀了文明832！
文明854抹杀了文明848！
文明858抹杀了文明855！
高维文明868抹杀了低维文明859!
文明897抹杀了文明894！
文明900抹杀了文明898！
文明913抹杀了文明905！
文明913抹杀了文明915！
文明926抹杀了文明920！
文明931抹杀了文明929！
文明936抹杀了文明3491！
文明948抹杀了文明945！
高维文明952抹杀了低维文明950!
高维文明952抹杀了低维文明958!
高维文明952抹杀了低维文明961!
高维文明952抹杀了低维文明964!
高维文明952抹杀了低维文明970!
高维文明952抹杀了低维文明973!
高维文明952抹杀了低维文明975!
高维文明952抹杀了低维文明977!
高维文明952抹杀了低维文明980!
高维文明952抹杀了低维文明982!
高维文明952抹杀了低维文明984!
高维文明952抹杀了低维文明991!
高维文明952抹杀了低维文明997!
高维文明952抹杀了低维文明1005!
高维文明952抹杀了低维文明1006!
高维文明952抹杀了低维文明1009!
高维文明952抹杀了低维文明1012!
高维文明952抹杀了低维文明1022!
高维文明952抹杀了低维文明1029!
高维文明952抹杀了低维文明1030!
高维文明952抹杀了低维文明1041!
高维文明952抹杀了低维文明1045!
高维文明952抹杀了低维文明1050!
高维文明952抹杀了低维文明1054!
文明952抹杀了文明1064！
高维文明952抹杀了低维文明1069!
高维文明952抹杀了低维文明1070!
高维文明952抹杀了低维文明1073!
高维文明952抹杀了低维文明1078!
高维文明952抹杀了低维文明1080!
文明952抹杀了文明1083！
高维文明952抹杀了低维文明1088!
高维文明952抹杀了低维文明1090!
高维文明952抹杀了低维文明1099!
高维文明952抹杀了低维文明1101!
高维文明952抹杀了低维文明1102!
高维文明952抹杀了低维文明1105!
高维文明952抹杀了低维文明1110!
高维文明952抹杀了低维文明1111!
高维文明952抹杀了低维文明1112!
高维文明952抹杀了低维文明1118!
文明1121抹杀了文明1342！
高维文明952抹杀了低维文明1122!
高维文明952抹杀了低维文明1126!
文明952抹杀了文明1129！
高维文明952抹杀了低维文明1130!
高维文明952抹杀了低维文明1132!
高维文明952抹杀了低维文明1140!
文明2582抹杀了文明1144！
高维文明952抹杀了低维文明1149!
高维文明952抹杀了低维文明1150!
高维文明952抹杀了低维文明1157!
高维文明952抹杀了低维文明1158!
高维文明952抹杀了低维文明1163!
高维文明952抹杀了低维文明1165!
高维文明952抹杀了低维文明1166!
高维文明952抹杀了低维文明1169!
高维文明952抹杀了低维文明1172!
高维文明952抹杀了低维文明1173!
高维文明952抹杀了低维文明1175!
文明1181抹杀了文明2267！
高维文明952抹杀了低维文明1195!
高维文明1196抹杀了低维文明1186!
文明952抹杀了文明1196！
文明952与文明1199同归于尽！
高维文明1214抹杀了低维文明1209!
高维文明1214抹杀了低维文明1216!
高维文明1214抹杀了低维文明1218!
高维文明1214抹杀了低维文明1222!
高维文明1214抹杀了低维文明1227!
高维文明1228抹杀了低维文明708!
高维文明1214抹杀了低维文明1232!
高维文明1214抹杀了低维文明1235!
文明3439抹杀了文明1238！
高维文明1214抹杀了低维文明1250!
高维文明1214抹杀了低维文明1253!
高维文明1214抹杀了低维文明1254!
文明4351抹杀了文明1256！
高维文明1214抹杀了低维文明1259!
高维文明1214抹杀了低维文明1261!
高维文明1214抹杀了低维文明1263!
高维文明1214抹杀了低维文明1265!
高维文明1214抹杀了低维文明1266!
高维文明1214抹杀了低维文明1268!
高维文明1214抹杀了低维文明1274!
高维文明1214抹杀了低维文明1280!
高维文明1214抹杀了低维文明1282!
高维文明1214抹杀了低维文明1293!
高维文明1214抹杀了低维文明1295!
高维文明1214抹杀了低维文明1300!
高维文明1214抹杀了低维文明1307!
高维文明1214抹杀了低维文明1310!
高维文明1214抹杀了低维文明1316!
高维文明1214抹杀了低维文明1319!
高维文明1214抹杀了低维文明1322!
高维文明1214抹杀了低维文明1329!
高维文明1214抹杀了低维文明1330!
高维文明1214抹杀了低维文明1336!
高维文明1214抹杀了低维文明1337!
高维文明1214抹杀了低维文明1343!
高维文明1214抹杀了低维文明1346!
高维文明1214抹杀了低维文明1347!
高维文明1214抹杀了低维文明1350!
高维文明1214抹杀了低维文明1351!
高维文明1214抹杀了低维文明1361!
高维文明1214抹杀了低维文明1362!
高维文明1214抹杀了低维文明1363!
高维文明1214抹杀了低维文明1370!
高维文明1214抹杀了低维文明1373!
高维文明1214抹杀了低维文明1378!
高维文明1214抹杀了低维文明1379!
高维文明1214抹杀了低维文明1385!
高维文明1214抹杀了低维文明1391!
高维文明1214抹杀了低维文明1392!
高维文明1214抹杀了低维文明1394!
高维文明1214抹杀了低维文明1396!
高维文明1214抹杀了低维文明1399!
高维文明1214抹杀了低维文明1405!
高维文明1214抹杀了低维文明1416!
高维文明1214抹杀了低维文明1418!
高维文明1214抹杀了低维文明1421!
高维文明1214抹杀了低维文明1422!
高维文明1214抹杀了低维文明1427!
高维文明1214抹杀了低维文明1428!
文明1214抹杀了文明1435！
高维文明1214抹杀了低维文明1439!
高维文明1214抹杀了低维文明1441!
高维文明1214抹杀了低维文明1444!
高维文明1214抹杀了低维文明1448!
高维文明1214抹杀了低维文明1451!
高维文明1214抹杀了低维文明1455!
高维文明1214抹杀了低维文明1463!
高维文明1214抹杀了低维文明1474!
高维文明1214抹杀了低维文明1483!
高维文明1214抹杀了低维文明1494!
高维文明1214抹杀了低维文明1495!
高维文明1214抹杀了低维文明1496!
高维文明1214抹杀了低维文明1499!
高维文明1214抹杀了低维文明1502!
高维文明1214抹杀了低维文明1503!
文明1214抹杀了文明1505！
高维文明1214抹杀了低维文明1507!
高维文明1214抹杀了低维文明1508!
高维文明1214抹杀了低维文明1513!
文明3630抹杀了文明1521！
高维文明1214抹杀了低维文明1531!
高维文明1214抹杀了低维文明1532!
高维文明1214抹杀了低维文明1533!
高维文明1214抹杀了低维文明1536!
高维文明1214抹杀了低维文明1537!
高维文明1214抹杀了低维文明1541!
高维文明1214抹杀了低维文明1544!
高维文明1214抹杀了低维文明1545!
高维文明1214抹杀了低维文明1546!
高维文明1214抹杀了低维文明1548!
高维文明1214抹杀了低维文明1555!
高维文明1214抹杀了低维文明1558!
高维文明1214抹杀了低维文明1566!
高维文明1214抹杀了低维文明1567!
高维文明1214抹杀了低维文明1570!
高维文明1214抹杀了低维文明1577!
高维文明1214抹杀了低维文明1590!
高维文明1214抹杀了低维文明1591!
高维文明1214抹杀了低维文明1595!
高维文明1214抹杀了低维文明1599!
文明1214抹杀了文明1601！
高维文明1214抹杀了低维文明1602!
高维文明1214抹杀了低维文明1631!
高维文明1214抹杀了低维文明1633!
文明4957抹杀了文明1635！
高维文明1214抹杀了低维文明1638!
高维文明1214抹杀了低维文明1642!
高维文明1214抹杀了低维文明1648!
高维文明1214抹杀了低维文明1650!
高维文明1214抹杀了低维文明1652!
高维文明1214抹杀了低维文明1653!
高维文明1214抹杀了低维文明1662!
高维文明1214抹杀了低维文明1667!
高维文明1214抹杀了低维文明1673!
高维文明1214抹杀了低维文明1683!
文明1688抹杀了文明2828！
高维文明1214抹杀了低维文明1696!
高维文明1214抹杀了低维文明1704!
高维文明1214抹杀了低维文明1713!
高维文明1214抹杀了低维文明1715!
高维文明1214抹杀了低维文明1721!
高维文明1214抹杀了低维文明1723!
高维文明1214抹杀了低维文明1724!
高维文明1214抹杀了低维文明1727!
高维文明1214抹杀了低维文明1731!
高维文明1214抹杀了低维文明1738!
高维文明1214抹杀了低维文明1739!
高维文明1214抹杀了低维文明1740!
高维文明1214抹杀了低维文明1742!
文明1214抹杀了文明1758！
高维文明1214抹杀了低维文明1763!
高维文明1214抹杀了低维文明1766!
高维文明1214抹杀了低维文明1774!
文明1214抹杀了文明1777！
高维文明1214抹杀了低维文明1781!
高维文明1214抹杀了低维文明1782!
高维文明1214抹杀了低维文明1783!
高维文明1214抹杀了低维文明1784!
高维文明1214抹杀了低维文明1785!
高维文明1214抹杀了低维文明1787!
高维文明1214抹杀了低维文明1794!
高维文明1214抹杀了低维文明1797!
高维文明1214抹杀了低维文明1798!
高维文明1214抹杀了低维文明1808!
高维文明1214抹杀了低维文明1811!
高维文明1214抹杀了低维文明1812!
高维文明1214抹杀了低维文明1817!
文明1818抹杀了文明1420！
高维文明1214抹杀了低维文明1825!
高维文明1214抹杀了低维文明1835!
高维文明1214抹杀了低维文明1836!
高维文明1214抹杀了低维文明1839!
高维文明1214抹杀了低维文明1842!
高维文明1214抹杀了低维文明1844!
高维文明1214抹杀了低维文明1850!
高维文明1214抹杀了低维文明1854!
高维文明1214抹杀了低维文明1860!
高维文明1214抹杀了低维文明1866!
高维文明1214抹杀了低维文明1868!
高维文明1214抹杀了低维文明1869!
高维文明1214抹杀了低维文明1871!
高维文明1214抹杀了低维文明1873!
高维文明1214抹杀了低维文明1874!
高维文明1214抹杀了低维文明1875!
高维文明1214抹杀了低维文明1876!
高维文明1214抹杀了低维文明1879!
高维文明1214抹杀了低维文明1883!
高维文明1214抹杀了低维文明1888!
高维文明1214抹杀了低维文明1894!
高维文明1214抹杀了低维文明1895!
高维文明1214抹杀了低维文明1897!
高维文明1214抹杀了低维文明1898!
高维文明1214抹杀了低维文明1901!
高维文明1214抹杀了低维文明1903!
高维文明1214抹杀了低维文明1904!
高维文明1214抹杀了低维文明1905!
高维文明1214抹杀了低维文明1910!
高维文明1214抹杀了低维文明1911!
高维文明1214抹杀了低维文明1920!
高维文明1214抹杀了低维文明1923!
高维文明1214抹杀了低维文明1929!
高维文明1214抹杀了低维文明1933!
高维文明1214抹杀了低维文明1934!
高维文明1945抹杀了低维文明25!
高维文明1214抹杀了低维文明1950!
高维文明1214抹杀了低维文明1952!
高维文明1214抹杀了低维文明1954!
高维文明1214抹杀了低维文明1959!
高维文明1214抹杀了低维文明1965!
高维文明1214抹杀了低维文明1967!
高维文明1214抹杀了低维文明1970!
高维文明1214抹杀了低维文明1975!
高维文明1214抹杀了低维文明1978!
高维文明1214抹杀了低维文明1992!
高维文明1214抹杀了低维文明1996!
高维文明1214抹杀了低维文明2000!
高维文明1214抹杀了低维文明2004!
高维文明1214抹杀了低维文明2014!
高维文明1214抹杀了低维文明2026!
高维文明1214抹杀了低维文明2027!
高维文明1214抹杀了低维文明2030!
高维文明1214抹杀了低维文明2036!
文明1214抹杀了文明2040！
高维文明1214抹杀了低维文明2042!
高维文明1214抹杀了低维文明2043!
高维文明1214抹杀了低维文明2045!
高维文明1214抹杀了低维文明2051!
高维文明1214抹杀了低维文明2052!
高维文明1214抹杀了低维文明2055!
高维文明1214抹杀了低维文明2056!
高维文明1214抹杀了低维文明2059!
高维文明1214抹杀了低维文明2060!
高维文明1214抹杀了低维文明2061!
高维文明1214抹杀了低维文明2063!
高维文明1214抹杀了低维文明2077!
高维文明1214抹杀了低维文明2087!
文明2094抹杀了文明3598！
文明1214抹杀了文明2118！
高维文明1214抹杀了低维文明2121!
高维文明1214抹杀了低维文明2127!
高维文明1214抹杀了低维文明2128!
高维文明1214抹杀了低维文明2129!
高维文明1214抹杀了低维文明2136!
高维文明1214抹杀了低维文明2139!
高维文明1214抹杀了低维文明2140!
高维文明1214抹杀了低维文明2152!
高维文明1214抹杀了低维文明2155!
高维文明1214抹杀了低维文明2158!
高维文明1214抹杀了低维文明2159!
高维文明2160抹杀了低维文明2484!
高维文明1214抹杀了低维文明2172!
高维文明1214抹杀了低维文明2174!
高维文明1214抹杀了低维文明2175!
高维文明1214抹杀了低维文明2177!
高维文明1214抹杀了低维文明2185!
高维文明1214抹杀了低维文明2187!
高维文明1214抹杀了低维文明2197!
文明2198在与文明1214的战斗中因内乱而毁灭！
文明1214与文明2201同归于尽！
文明2221抹杀了文明2219！
文明2243抹杀了文明2237！
文明2274抹杀了文明2270！
高维文明2299抹杀了低维文明2283!
高维文明2299抹杀了低维文明2301!
高维文明2299抹杀了低维文明2303!
高维文明2299抹杀了低维文明2306!
高维文明2299抹杀了低维文明2317!
高维文明2299抹杀了低维文明2321!
高维文明2299抹杀了低维文明2326!
高维文明2299抹杀了低维文明2327!
高维文明2299抹杀了低维文明2333!
高维文明2299抹杀了低维文明2334!
高维文明2299抹杀了低维文明2336!
高维文明2299抹杀了低维文明2338!
高维文明2299抹杀了低维文明2346!
高维文明2299抹杀了低维文明2352!
高维文明2299抹杀了低维文明2353!
高维文明2299抹杀了低维文明2360!
高维文明2299抹杀了低维文明2361!
高维文明2299抹杀了低维文明2362!
高维文明2299抹杀了低维文明2364!
高维文明2299抹杀了低维文明2367!
高维文明2299抹杀了低维文明2377!
高维文明2299抹杀了低维文明2387!
高维文明2299抹杀了低维文明2391!
高维文明2299抹杀了低维文明2392!
高维文明2299抹杀了低维文明2404!
高维文明2299抹杀了低维文明2408!
高维文明2299抹杀了低维文明2412!
高维文明2299抹杀了低维文明2417!
高维文明2299抹杀了低维文明2428!
高维文明2429抹杀了低维文明2448!
高维文明2299抹杀了低维文明2434!
高维文明2299抹杀了低维文明2435!
高维文明2299抹杀了低维文明2437!
高维文明2299抹杀了低维文明2441!
高维文明2299抹杀了低维文明2442!
高维文明2299抹杀了低维文明2445!
高维文明2299抹杀了低维文明2449!
高维文明2299抹杀了低维文明2452!
高维文明2299抹杀了低维文明2455!
高维文明2299抹杀了低维文明2457!
高维文明2299抹杀了低维文明2458!
高维文明2299抹杀了低维文明2474!
高维文明2299抹杀了低维文明2476!
高维文明2299抹杀了低维文明2490!
高维文明2299抹杀了低维文明2495!
高维文明2299抹杀了低维文明2497!
高维文明2299抹杀了低维文明2498!
高维文明2299抹杀了低维文明2500!
高维文明2299抹杀了低维文明2501!
文明2299抹杀了文明2506！
文明2299与文明2511同归于尽！
高维文明2528抹杀了低维文明2520!
高维文明2528抹杀了低维文明2529!
高维文明2528抹杀了低维文明2534!
高维文明2528抹杀了低维文明2536!
高维文明2528抹杀了低维文明2537!
高维文明2528抹杀了低维文明2541!
高维文明2528抹杀了低维文明2545!
高维文明2528抹杀了低维文明2548!
高维文明2528抹杀了低维文明2553!
高维文明2528抹杀了低维文明2557!
高维文明2528抹杀了低维文明2558!
高维文明2528抹杀了低维文明2566!
高维文明2528抹杀了低维文明2571!
高维文明2528抹杀了低维文明2573!
高维文明2528抹杀了低维文明2581!
高维文明3823抹杀了低维文明2584!
高维文明2528抹杀了低维文明2589!
高维文明2528抹杀了低维文明2590!
文明1581抹杀了文明2591！
高维文明2528抹杀了低维文明2593!
高维文明2528抹杀了低维文明2598!
高维文明2528抹杀了低维文明2602!
高维文明2528抹杀了低维文明2603!
高维文明2528抹杀了低维文明2616!
高维文明2528抹杀了低维文明2626!
高维文明2528抹杀了低维文明2630!
高维文明2528抹杀了低维文明2631!
文明3882抹杀了文明2632！
高维文明2528抹杀了低维文明2636!
高维文明2528抹杀了低维文明2638!
高维文明2528抹杀了低维文明2639!
高维文明2528抹杀了低维文明2642!
高维文明2528抹杀了低维文明2648!
高维文明2528抹杀了低维文明2651!
高维文明2528抹杀了低维文明2653!
高维文明2528抹杀了低维文明2654!
高维文明2528抹杀了低维文明2662!
高维文明2528抹杀了低维文明2663!
高维文明2528抹杀了低维文明2670!
高维文明2528抹杀了低维文明2673!
高维文明2528抹杀了低维文明2676!
高维文明2528抹杀了低维文明2678!
高维文明2528抹杀了低维文明2689!
高维文明2528抹杀了低维文明2691!
高维文明2528抹杀了低维文明2692!
高维文明2528抹杀了低维文明2694!
高维文明2528抹杀了低维文明2695!
高维文明2528抹杀了低维文明2696!
高维文明2528抹杀了低维文明2700!
高维文明2528抹杀了低维文明2702!
高维文明2528抹杀了低维文明2709!
高维文明2528抹杀了低维文明2712!
高维文明2715抹杀了低维文明2019!
高维文明2528抹杀了低维文明2718!
高维文明2528抹杀了低维文明2720!
高维文明2528抹杀了低维文明2722!
高维文明2528抹杀了低维文明2728!
高维文明2528抹杀了低维文明2729!
高维文明2528抹杀了低维文明2743!
高维文明2528抹杀了低维文明2745!
高维文明2528抹杀了低维文明2750!
高维文明2528抹杀了低维文明2752!
高维文明2528抹杀了低维文明2754!
文明2528抹杀了文明2759！
高维文明2528抹杀了低维文明2763!
高维文明2528抹杀了低维文明2765!
高维文明2528抹杀了低维文明2766!
高维文明2528抹杀了低维文明2767!
高维文明2528抹杀了低维文明2778!
高维文明2528抹杀了低维文明2779!
高维文明2528抹杀了低维文明2781!
高维文明2528抹杀了低维文明2783!
高维文明2528抹杀了低维文明2791!
高维文明2528抹杀了低维文明2794!
高维文明2528抹杀了低维文明2811!
高维文明2528抹杀了低维文明2814!
高维文明2528抹杀了低维文明2819!
高维文明2528抹杀了低维文明2821!
高维文明2528抹杀了低维文明2822!
高维文明2528抹杀了低维文明2823!
高维文明2528抹杀了低维文明2830!
高维文明2528抹杀了低维文明2842!
高维文明2528抹杀了低维文明2847!
文明2528抹杀了文明2849！
高维文明2528抹杀了低维文明2853!
文明3641抹杀了文明2859！
高维文明2528抹杀了低维文明2864!
高维文明2528抹杀了低维文明2865!
高维文明2528抹杀了低维文明2869!
高维文明2453抹杀了低维文明2870!
高维文明2528抹杀了低维文明2872!
文明3717抹杀了文明2887！
高维文明2528抹杀了低维文明2889!
高维文明2528抹杀了低维文明2890!
高维文明2528抹杀了低维文明2892!
高维文明2528抹杀了低维文明2894!
高维文明2528抹杀了低维文明2899!
文明2528抹杀了文明2902！
文明2528与文明2905同归于尽！
文明2919抹杀了文明2918！
文明2978抹杀了文明2975！
文明2978抹杀了文明2980！
高维文明2989抹杀了低维文明2988!
文明3001抹杀了文明2993！
文明3017抹杀了文明3015！
文明3035抹杀了文明3041！
文明3089抹杀了文明3083！
文明3089抹杀了文明3090！
文明3101抹杀了文明3093！
文明3167抹杀了文明3154！
文明3167抹杀了文明3172！
文明3191抹杀了文明3192！
文明3206抹杀了文明3194！
文明3214抹杀了文明3213！
文明3255抹杀了文明3253！
文明3266抹杀了文明3259！
文明2936抹杀了文明3277！
文明3286抹杀了文明3282！
文明3293抹杀了文明3288！
文明3300抹杀了文明3299！
文明3306抹杀了文明3305！
文明3318抹杀了文明676！
文明3329抹杀了文明3229！
文明3321抹杀了文明3330！
文明3344抹杀了文明3339！
文明3388抹杀了文明3392！
高维文明3398抹杀了低维文明3395!
高维文明3398抹杀了低维文明3513!
文明3436抹杀了文明3429！
文明3452抹杀了文明3451！
文明3471抹杀了文明3465！
文明3474抹杀了文明3475！
文明3560抹杀了文明3559！
文明3577抹杀了文明3575！
高维文明3627抹杀了低维文明3626!
文明3631抹杀了文明3629！
高维文明660抹杀了低维文明3676!
文明3694抹杀了文明3688！
文明3716抹杀了文明1139！
文明3724抹杀了文明3721！
高维文明3726抹杀了低维文明3724!
高维文明3726抹杀了低维文明3730!
高维文明3726抹杀了低维文明3731!
高维文明3726抹杀了低维文明3736!
高维文明3726抹杀了低维文明3738!
高维文明3726抹杀了低维文明3746!
高维文明3726抹杀了低维文明3747!
高维文明3726抹杀了低维文明3751!
高维文明3726抹杀了低维文明3753!
文明3158抹杀了文明3755！
高维文明3726抹杀了低维文明3761!
高维文明3726抹杀了低维文明3763!
高维文明3726抹杀了低维文明3769!
高维文明3726抹杀了低维文明3770!
高维文明3726抹杀了低维文明3774!
高维文明3726抹杀了低维文明3779!
高维文明3726抹杀了低维文明3785!
高维文明3726抹杀了低维文明3786!
高维文明3726抹杀了低维文明3804!
高维文明3726抹杀了低维文明3809!
高维文明3726抹杀了低维文明3810!
高维文明3726抹杀了低维文明3811!
高维文明3726抹杀了低维文明3813!
文明3819抹杀了文明231！
高维文明3823抹杀了低维文明3972!
文明3726抹杀了文明3823！
高维文明3726抹杀了低维文明3828!
高维文明3726抹杀了低维文明3832!
高维文明3726抹杀了低维文明3835!
高维文明3726抹杀了低维文明3841!
高维文明3726抹杀了低维文明3842!
高维文明3726抹杀了低维文明3843!
文明245抹杀了文明3850！
高维文明3726抹杀了低维文明3858!
高维文明3726抹杀了低维文明3863!
高维文明3726抹杀了低维文明3864!
高维文明3726抹杀了低维文明3866!
高维文明3726抹杀了低维文明3868!
高维文明3726抹杀了低维文明3870!
高维文明3726抹杀了低维文明3880!
高维文明3726抹杀了低维文明3884!
高维文明3726抹杀了低维文明3885!
高维文明3726抹杀了低维文明3887!
高维文明3726抹杀了低维文明3889!
高维文明3726抹杀了低维文明3894!
文明3726抹杀了文明3904！
高维文明3726抹杀了低维文明3908!
高维文明3726抹杀了低维文明3910!
高维文明3726抹杀了低维文明3917!
高维文明3726抹杀了低维文明3924!
文明3927抹杀了文明484！
高维文明3726抹杀了低维文明3929!
高维文明3726抹杀了低维文明3935!
高维文明3726抹杀了低维文明3939!
高维文明3726抹杀了低维文明3940!
高维文明3726抹杀了低维文明3946!
高维文明3726抹杀了低维文明3947!
高维文明3726抹杀了低维文明3951!
高维文明3726抹杀了低维文明3964!
高维文明3726抹杀了低维文明3965!
高维文明3726抹杀了低维文明3977!
高维文明3726抹杀了低维文明3981!
高维文明3726抹杀了低维文明3982!
高维文明3726抹杀了低维文明3984!
高维文明3726抹杀了低维文明3996!
高维文明3726抹杀了低维文明4008!
高维文明3726抹杀了低维文明4009!
高维文明3726抹杀了低维文明4010!
高维文明3726抹杀了低维文明4012!
高维文明3726抹杀了低维文明4014!
高维文明3726抹杀了低维文明4021!
高维文明3726抹杀了低维文明4025!
高维文明3726抹杀了低维文明4033!
高维文明3726抹杀了低维文明4035!
高维文明3726抹杀了低维文明4041!
高维文明3726抹杀了低维文明4042!
高维文明3726抹杀了低维文明4046!
高维文明3726抹杀了低维文明4050!
高维文明3726抹杀了低维文明4053!
文明3726抹杀了文明4057！
文明3726与文明4062同归于尽！
高维文明4082抹杀了低维文明4064!
文明4074抹杀了文明4073！
高维文明4082抹杀了低维文明4079!
文明4089抹杀了文明4093！
文明4110抹杀了文明4109！
文明4117抹杀了文明4844！
高维文明4121抹杀了低维文明4255!
高维文明4127抹杀了低维文明2157!
文明4133抹杀了文明4135！
文明2470抹杀了文明4138！
文明4149抹杀了文明4142！
文明4154抹杀了文明4152！
文明4154抹杀了文明4159！
高维文明4175抹杀了低维文明4173!
文明4824抹杀了文明4179！
文明4183抹杀了文明4182！
文明4207抹杀了文明4199！
文明4231抹杀了文明4225！
文明4231抹杀了文明4234！
文明4231抹杀了文明4235！
文明4239抹杀了文明4241！
文明4257抹杀了文明4250！
文明4267抹杀了文明4270！
文明4291抹杀了文明4285！
文明4317抹杀了文明4316！
高维文明4340抹杀了低维文明4339!
高维文明4340抹杀了低维文明4343!
文明1241抹杀了文明4347！
高维文明4340抹杀了低维文明4348!
高维文明4340抹杀了低维文明4356!
高维文明4340抹杀了低维文明4360!
高维文明4340抹杀了低维文明4363!
高维文明4340抹杀了低维文明4364!
高维文明4340抹杀了低维文明4370!
高维文明4340抹杀了低维文明4374!
文明4340抹杀了文明4389！
高维文明4340抹杀了低维文明4392!
高维文明4340抹杀了低维文明4395!
高维文明4340抹杀了低维文明4397!
高维文明4340抹杀了低维文明4401!
高维文明4340抹杀了低维文明4410!
高维文明4340抹杀了低维文明4412!
高维文明4340抹杀了低维文明4414!
高维文明4340抹杀了低维文明4418!
高维文明4340抹杀了低维文明4421!
高维文明4340抹杀了低维文明4422!
高维文明4340抹杀了低维文明4426!
高维文明4340抹杀了低维文明4428!
高维文明4340抹杀了低维文明4432!
高维文明4340抹杀了低维文明4434!
高维文明4340抹杀了低维文明4439!
高维文明4340抹杀了低维文明4440!
高维文明4340抹杀了低维文明4447!
高维文明4340抹杀了低维文明4449!
高维文明4340抹杀了低维文明4455!
高维文明4340抹杀了低维文明4459!
高维文明4340抹杀了低维文明4460!
高维文明4340抹杀了低维文明4461!
高维文明4340抹杀了低维文明4462!
高维文明4340抹杀了低维文明4472!
高维文明4340抹杀了低维文明4486!
高维文明4340抹杀了低维文明4500!
高维文明4340抹杀了低维文明4521!
高维文明4340抹杀了低维文明4527!
高维文明4340抹杀了低维文明4530!
高维文明4340抹杀了低维文明4533!
高维文明4340抹杀了低维文明4535!
高维文明4340抹杀了低维文明4539!
高维文明4340抹杀了低维文明4541!
高维文明4340抹杀了低维文明4545!
高维文明4340抹杀了低维文明4547!
高维文明4340抹杀了低维文明4555!
高维文明4340抹杀了低维文明4561!
高维文明4340抹杀了低维文明4573!
高维文明4340抹杀了低维文明4575!
高维文明4340抹杀了低维文明4576!
高维文明4340抹杀了低维文明4578!
高维文明4340抹杀了低维文明4583!
高维文明4340抹杀了低维文明4593!
高维文明4340抹杀了低维文明4594!
文明4340抹杀了文明4603！
文明4607抹杀了文明1587！
文明4340与文明4608同归于尽！
文明4646抹杀了文明4618！
文明4657抹杀了文明4649！
文明4659抹杀了文明4660！
文明4116抹杀了文明4667！
文明4668抹杀了文明4661！
文明4682抹杀了文明4679！
文明4710抹杀了文明4703！
文明4735抹杀了文明4734！
文明4750抹杀了文明4795！
文明4789抹杀了文明4788！
文明4801抹杀了文明4798！
文明4807抹杀了文明4805！
文明4875抹杀了文明4877！
文明4886抹杀了文明4885！
高维文明4917抹杀了低维文明4123!
文明4925抹杀了文明4922！
文明4928抹杀了文明4927！
文明4966抹杀了文明4957！
文明4966抹杀了文明4969！
恭喜文明3成为2级文明
恭喜文明4成为2级文明
恭喜文明5成为2级文明
恭喜文明12成为2级文明
恭喜文明21成为2级文明
恭喜文明46成为2级文明
恭喜文明56成为2级文明
恭喜文明63成为2级文明
恭喜文明69成为2级文明
恭喜文明75成为2级文明
恭喜文明77成为2级文明
恭喜文明78成为2级文明
恭喜文明87成为2级文明
恭喜文明97成为2级文明
恭喜文明98成为2级文明
恭喜文明100成为2级文明
恭喜文明105成为2级文明
恭喜文明109成为2级文明
恭喜文明110成为2级文明
恭喜文明113成为2级文明
恭喜文明117成为2级文明
恭喜文明126成为2级文明
恭喜文明127成为2级文明
恭喜文明132成为2级文明
恭喜文明138成为2级文明
恭喜文明141成为2级文明
恭喜文明146成为2级文明
恭喜文明157成为2级文明
恭喜文明171成为2级文明
恭喜文明175成为2级文明
恭喜文明181成为2级文明
恭喜文明184成为2级文明
恭喜文明186成为2级文明
恭喜文明189成为2级文明
恭喜文明208成为2级文明
恭喜文明213成为2级文明
恭喜文明220成为2级文明
恭喜文明223成为2级文明
恭喜文明228成为2级文明
恭喜文明229成为2级文明
恭喜文明235成为2级文明
恭喜文明237成为2级文明
恭喜文明240成为2级文明
恭喜文明245成为2级文明
恭喜文明258成为2级文明
恭喜文明265成为2级文明
恭喜文明273成为2级文明
恭喜文明280成为2级文明
恭喜文明285成为2级文明
恭喜文明294成为2级文明
恭喜文明310成为2级文明
恭喜文明312成为2级文明
恭喜文明313成为2级文明
恭喜文明314成为2级文明
恭喜文明320成为2级文明
恭喜文明321成为2级文明
恭喜文明331成为2级文明
恭喜文明338成为2级文明
恭喜文明339成为2级文明
恭喜文明340成为2级文明
恭喜文明342成为2级文明
恭喜文明350成为2级文明
恭喜文明353成为2级文明
恭喜文明358成为2级文明
恭喜文明359成为2级文明
恭喜文明363成为2级文明
恭喜文明364成为2级文明
恭喜文明369成为2级文明
恭喜文明370成为2级文明
恭喜文明384成为2级文明
恭喜文明391成为2级文明
恭喜文明402成为2级文明
恭喜文明417成为2级文明
恭喜文明419成为3级文明
恭喜文明421成为2级文明
恭喜文明426成为2级文明
恭喜文明429成为2级文明
恭喜文明451成为2级文明
恭喜文明454成为2级文明
恭喜文明455成为2级文明
恭喜文明456成为2级文明
恭喜文明458成为2级文明
恭喜文明462成为2级文明
恭喜文明469成为2级文明
恭喜文明480成为2级文明
恭喜文明483成为2级文明
恭喜文明486成为2级文明
恭喜文明492成为2级文明
恭喜文明496成为2级文明
恭喜文明507成为2级文明
恭喜文明509成为2级文明
恭喜文明522成为3级文明
恭喜文明525成为2级文明
恭喜文明541成为2级文明
恭喜文明544成为2级文明
恭喜文明550成为2级文明
恭喜文明563成为2级文明
恭喜文明569成为2级文明
恭喜文明572成为2级文明
恭喜文明576成为2级文明
恭喜文明581成为2级文明
恭喜文明588成为2级文明
恭喜文明595成为2级文明
恭喜文明598成为2级文明
恭喜文明614成为2级文明
恭喜文明618成为2级文明
恭喜文明629成为2级文明
恭喜文明637成为2级文明
恭喜文明641成为2级文明
恭喜文明643成为2级文明
恭喜文明650成为2级文明
恭喜文明653成为2级文明
恭喜文明655成为2级文明
恭喜文明660成为3级文明
恭喜文明665成为2级文明
恭喜文明667成为2级文明
恭喜文明668成为2级文明
恭喜文明673成为2级文明
恭喜文明674成为2级文明
恭喜文明686成为2级文明
恭喜文明690成为2级文明
恭喜文明696成为2级文明
恭喜文明699成为2级文明
恭喜文明704成为3级文明
恭喜文明722成为2级文明
恭喜文明726成为2级文明
恭喜文明735成为2级文明
恭喜文明759成为2级文明
恭喜文明760成为2级文明
恭喜文明770成为3级文明
恭喜文明777成为2级文明
恭喜文明780成为2级文明
恭喜文明785成为2级文明
恭喜文明794成为2级文明
恭喜文明799成为2级文明
恭喜文明805成为2级文明
恭喜文明811成为2级文明
恭喜文明814成为2级文明
恭喜文明830成为2级文明
恭喜文明831成为2级文明
恭喜文明834成为2级文明
恭喜文明835成为2级文明
恭喜文明836成为2级文明
恭喜文明843成为2级文明
恭喜文明854成为2级文明
恭喜文明858成为2级文明
恭喜文明866成为2级文明
恭喜文明868成为3级文明
恭喜文明869成为2级文明
恭喜文明875成为2级文明
恭喜文明882成为2级文明
恭喜文明897成为2级文明
恭喜文明900成为2级文明
恭喜文明907成为2级文明
恭喜文明910成为2级文明
恭喜文明913成为2级文明
恭喜文明916成为2级文明
恭喜文明924成为2级文明
恭喜文明926成为2级文明
恭喜文明931成为2级文明
恭喜文明936成为2级文明
恭喜文明939成为2级文明
恭喜文明948成为2级文明
恭喜文明988成为2级文明
恭喜文明994成为2级文明
恭喜文明998成为2级文明
恭喜文明1010成为2级文明
恭喜文明1015成为2级文明
恭喜文明1023成为2级文明
恭喜文明1033成为2级文明
恭喜文明1038成为2级文明
恭喜文明1047成为2级文明
恭喜文明1062成为2级文明
恭喜文明1075成为2级文明
恭喜文明1079成为2级文明
恭喜文明1089成为2级文明
恭喜文明1091成为2级文明
恭喜文明1094成为2级文明
恭喜文明1103成为2级文明
恭喜文明1116成为2级文明
恭喜文明1121成为2级文明
恭喜文明1125成为2级文明
恭喜文明1128成为2级文明
恭喜文明1136成为2级文明
恭喜文明1138成为2级文明
恭喜文明1147成为2级文明
恭喜文明1161成为2级文明
恭喜文明1164成为2级文明
恭喜文明1167成为2级文明
恭喜文明1168成为2级文明
恭喜文明1170成为2级文明
恭喜文明1179成为2级文明
恭喜文明1181成为2级文明
恭喜文明1183成为2级文明
恭喜文明1187成为2级文明
恭喜文明1189成为2级文明
恭喜文明1191成为2级文明
恭喜文明1201成为2级文明
恭喜文明1205成为2级文明
恭喜文明1217成为2级文明
恭喜文明1228成为3级文明
恭喜文明1241成为2级文明
恭喜文明1244成为2级文明
恭喜文明1246成为2级文明
恭喜文明1260成为2级文明
恭喜文明1272成为2级文明
恭喜文明1275成为2级文明
恭喜文明1296成为2级文明
恭喜文明1301成为2级文明
恭喜文明1305成为2级文明
恭喜文明1306成为2级文明
恭喜文明1317成为2级文明
恭喜文明1340成为2级文明
恭喜文明1356成为2级文明
恭喜文明1357成为2级文明
恭喜文明1365成为2级文明
恭喜文明1375成为2级文明
恭喜文明1376成为2级文明
恭喜文明1382成为2级文明
恭喜文明1386成为2级文明
恭喜文明1388成为2级文明
恭喜文明1389成为2级文明
恭喜文明1390成为2级文明
恭喜文明1401成为2级文明
恭喜文明1409成为2级文明
恭喜文明1414成为2级文明
恭喜文明1437成为2级文明
恭喜文明1459成为2级文明
恭喜文明1467成为2级文明
恭喜文明1469成为2级文明
恭喜文明1481成为2级文明
恭喜文明1485成为2级文明
恭喜文明1501成为2级文明
恭喜文明1542成为2级文明
恭喜文明1543成为2级文明
恭喜文明1556成为2级文明
恭喜文明1571成为2级文明
恭喜文明1575成为2级文明
恭喜文明1576成为2级文明
恭喜文明1581成为2级文明
恭喜文明1584成为2级文明
恭喜文明1614成为2级文明
恭喜文明1622成为2级文明
恭喜文明1639成为2级文明
恭喜文明1649成为2级文明
恭喜文明1654成为2级文明
恭喜文明1655成为2级文明
恭喜文明1687成为2级文明
恭喜文明1688成为2级文明
恭喜文明1690成为2级文明
恭喜文明1692成为2级文明
恭喜文明1694成为2级文明
恭喜文明1701成为2级文明
恭喜文明1705成为2级文明
恭喜文明1707成为2级文明
恭喜文明1725成为2级文明
恭喜文明1733成为2级文明
恭喜文明1750成为2级文明
恭喜文明1767成为2级文明
恭喜文明1773成为2级文明
恭喜文明1818成为2级文明
恭喜文明1847成为2级文明
恭喜文明1848成为2级文明
恭喜文明1867成为2级文明
恭喜文明1882成为2级文明
恭喜文明1887成为2级文明
恭喜文明1889成为2级文明
恭喜文明1890成为2级文明
恭喜文明1892成为2级文明
恭喜文明1909成为2级文明
恭喜文明1913成为2级文明
恭喜文明1919成为2级文明
恭喜文明1925成为2级文明
恭喜文明1937成为2级文明
恭喜文明1957成为2级文明
恭喜文明1964成为2级文明
恭喜文明1973成为2级文明
恭喜文明1974成为2级文明
恭喜文明1977成为2级文明
恭喜文明1979成为2级文明
恭喜文明1980成为2级文明
恭喜文明1995成为2级文明
恭喜文明1998成为2级文明
恭喜文明2002成为2级文明
恭喜文明2009成为2级文明
恭喜文明2012成为2级文明
恭喜文明2015成为2级文明
恭喜文明2034成为2级文明
恭喜文明2054成为2级文明
恭喜文明2058成为2级文明
恭喜文明2070成为2级文明
恭喜文明2076成为2级文明
恭喜文明2081成为2级文明
恭喜文明2085成为2级文明
恭喜文明2090成为2级文明
恭喜文明2094成为2级文明
恭喜文明2102成为2级文明
恭喜文明2105成为2级文明
恭喜文明2111成为2级文明
恭喜文明2149成为2级文明
恭喜文明2160成为3级文明
恭喜文明2165成为2级文明
恭喜文明2171成为2级文明
恭喜文明2179成为2级文明
恭喜文明2182成为2级文明
恭喜文明2184成为2级文明
恭喜文明2188成为2级文明
恭喜文明2196成为2级文明
恭喜文明2200成为2级文明
恭喜文明2205成为2级文明
恭喜文明2209成为2级文明
恭喜文明2212成为2级文明
恭喜文明2217成为2级文明
恭喜文明2221成为2级文明
恭喜文明2228成为2级文明
恭喜文明2242成为2级文明
恭喜文明2251成为2级文明
恭喜文明2257成为2级文明
恭喜文明2263成为2级文明
恭喜文明2264成为2级文明
恭喜文明2269成为2级文明
恭喜文明2272成为2级文明
恭喜文明2286成为2级文明
恭喜文明2312成为2级文明
恭喜文明2314成为2级文明
恭喜文明2315成为2级文明
恭喜文明2322成为2级文明
恭喜文明2328成为2级文明
恭喜文明2347成为2级文明
恭喜文明2363成为2级文明
恭喜文明2372成为2级文明
恭喜文明2373成为2级文明
恭喜文明2374成为2级文明
恭喜文明2375成为2级文明
恭喜文明2395成为2级文明
恭喜文明2409成为2级文明
恭喜文明2411成为2级文明
恭喜文明2414成为2级文明
恭喜文明2420成为2级文明
恭喜文明2421成为2级文明
恭喜文明2424成为2级文明
恭喜文明2426成为2级文明
恭喜文明2453成为3级文明
恭喜文明2466成为2级文明
恭喜文明2468成为2级文明
恭喜文明2470成为2级文明
恭喜文明2472成为2级文明
恭喜文明2477成为2级文明
恭喜文明2494成为2级文明
恭喜文明2515成为2级文明
恭喜文明2518成为2级文明
恭喜文明2531成为2级文明
恭喜文明2539成为2级文明
恭喜文明2543成为2级文明
恭喜文明2550成为2级文明
恭喜文明2555成为2级文明
恭喜文明2564成为2级文明
恭喜文明2575成为2级文明
恭喜文明2582成为2级文明
恭喜文明2592成为2级文明
恭喜文明2595成为2级文明
恭喜文明2596成为2级文明
恭喜文明2599成为2级文明
恭喜文明2606成为2级文明
恭喜文明2621成为2级文明
恭喜文明2633成为2级文明
恭喜文明2641成为2级文明
恭喜文明2646成为2级文明
恭喜文明2650成为2级文明
恭喜文明2660成为2级文明
恭喜文明2664成为2级文明
恭喜文明2674成为2级文明
恭喜文明2682成为2级文明
恭喜文明2688成为2级文明
恭喜文明2690成为2级文明
恭喜文明2693成为2级文明
恭喜文明2703成为2级文明
恭喜文明2706成为2级文明
恭喜文明2708成为2级文明
恭喜文明2713成为2级文明
恭喜文明2719成为2级文明
恭喜文明2725成为2级文明
恭喜文明2744成为2级文明
恭喜文明2756成为2级文明
恭喜文明2757成为2级文明
恭喜文明2758成为2级文明
恭喜文明2768成为2级文明
恭喜文明2772成为2级文明
恭喜文明2784成为2级文明
恭喜文明2792成为2级文明
恭喜文明2793成为2级文明
恭喜文明2795成为2级文明
恭喜文明2802成为2级文明
恭喜文明2813成为2级文明
恭喜文明2815成为2级文明
恭喜文明2820成为2级文明
恭喜文明2826成为2级文明
恭喜文明2835成为2级文明
恭喜文明2844成为2级文明
恭喜文明2871成为2级文明
恭喜文明2874成为2级文明
恭喜文明2876成为2级文明
恭喜文明2888成为2级文明
恭喜文明2895成为2级文明
恭喜文明2919成为2级文明
恭喜文明2920成为2级文明
恭喜文明2925成为2级文明
恭喜文明2933成为2级文明
恭喜文明2939成为2级文明
恭喜文明2948成为2级文明
恭喜文明2950成为2级文明
恭喜文明2952成为2级文明
恭喜文明2953成为2级文明
恭喜文明2958成为2级文明
恭喜文明2960成为2级文明
恭喜文明2963成为2级文明
恭喜文明2969成为2级文明
恭喜文明2978成为2级文明
恭喜文明2985成为2级文明
恭喜文明2990成为2级文明
恭喜文明2992成为2级文明
恭喜文明2995成为2级文明
恭喜文明2996成为2级文明
恭喜文明3026成为2级文明
恭喜文明3033成为2级文明
恭喜文明3035成为2级文明
恭喜文明3037成为2级文明
恭喜文明3042成为2级文明
恭喜文明3043成为2级文明
恭喜文明3047成为2级文明
恭喜文明3048成为2级文明
恭喜文明3050成为2级文明
恭喜文明3058成为2级文明
恭喜文明3066成为2级文明
恭喜文明3067成为2级文明
恭喜文明3069成为2级文明
恭喜文明3072成为2级文明
恭喜文明3089成为2级文明
恭喜文明3105成为2级文明
恭喜文明3108成为2级文明
恭喜文明3111成为2级文明
恭喜文明3122成为2级文明
恭喜文明3136成为2级文明
恭喜文明3139成为2级文明
恭喜文明3149成为2级文明
恭喜文明3153成为2级文明
恭喜文明3158成为2级文明
恭喜文明3159成为2级文明
恭喜文明3161成为2级文明
恭喜文明3165成为2级文明
恭喜文明3167成为2级文明
恭喜文明3180成为2级文明
恭喜文明3185成为2级文明
恭喜文明3191成为2级文明
恭喜文明3199成为2级文明
恭喜文明3200成为2级文明
恭喜文明3204成为2级文明
恭喜文明3206成为2级文明
恭喜文明3214成为2级文明
恭喜文明3215成为2级文明
恭喜文明3217成为2级文明
恭喜文明3221成为2级文明
恭喜文明3223成为2级文明
恭喜文明3224成为2级文明
恭喜文明3228成为2级文明
恭喜文明3244成为2级文明
恭喜文明3261成为2级文明
恭喜文明3264成为2级文明
恭喜文明3266成为2级文明
恭喜文明3267成为2级文明
恭喜文明3272成为2级文明
恭喜文明3279成为2级文明
恭喜文明3283成为2级文明
恭喜文明3284成为2级文明
恭喜文明3286成为2级文明
恭喜文明3287成为2级文明
恭喜文明3293成为2级文明
恭喜文明3300成为2级文明
恭喜文明3306成为2级文明
恭喜文明3310成为2级文明
恭喜文明3318成为2级文明
恭喜文明3328成为2级文明
恭喜文明3329成为2级文明
恭喜文明3334成为2级文明
恭喜文明3336成为2级文明
恭喜文明3342成为2级文明
恭喜文明3344成为2级文明
恭喜文明3346成为2级文明
恭喜文明3355成为2级文明
恭喜文明3357成为2级文明
恭喜文明3396成为2级文明
恭喜文明3398成为3级文明
恭喜文明3400成为2级文明
恭喜文明3407成为2级文明
恭喜文明3409成为2级文明
恭喜文明3411成为2级文明
恭喜文明3413成为2级文明
恭喜文明3416成为2级文明
恭喜文明3422成为2级文明
恭喜文明3430成为2级文明
恭喜文明3439成为2级文明
恭喜文明3440成为2级文明
恭喜文明3443成为2级文明
恭喜文明3445成为2级文明
恭喜文明3455成为2级文明
恭喜文明3456成为2级文明
恭喜文明3464成为2级文明
恭喜文明3467成为2级文明
恭喜文明3469成为2级文明
恭喜文明3471成为2级文明
恭喜文明3474成为2级文明
恭喜文明3477成为2级文明
恭喜文明3480成为2级文明
恭喜文明3489成为2级文明
恭喜文明3494成为2级文明
恭喜文明3496成为2级文明
恭喜文明3497成为2级文明
恭喜文明3499成为2级文明
恭喜文明3506成为2级文明
恭喜文明3522成为2级文明
恭喜文明3542成为2级文明
恭喜文明3560成为2级文明
恭喜文明3561成为2级文明
恭喜文明3563成为2级文明
恭喜文明3570成为2级文明
恭喜文明3571成为2级文明
恭喜文明3574成为2级文明
恭喜文明3576成为2级文明
恭喜文明3577成为2级文明
恭喜文明3579成为2级文明
恭喜文明3586成为2级文明
恭喜文明3605成为2级文明
恭喜文明3607成为2级文明
恭喜文明3620成为2级文明
恭喜文明3621成为2级文明
恭喜文明3623成为2级文明
恭喜文明3627成为3级文明
恭喜文明3628成为2级文明
恭喜文明3631成为2级文明
恭喜文明3636成为2级文明
恭喜文明3637成为2级文明
恭喜文明3639成为2级文明
恭喜文明3641成为2级文明
恭喜文明3644成为2级文明
恭喜文明3645成为2级文明
恭喜文明3652成为2级文明
恭喜文明3653成为2级文明
恭喜文明3661成为2级文明
恭喜文明3663成为2级文明
恭喜文明3666成为2级文明
恭喜文明3670成为2级文明
恭喜文明3675成为2级文明
恭喜文明3687成为2级文明
恭喜文明3690成为2级文明
恭喜文明3712成为2级文明
恭喜文明3716成为2级文明
恭喜文明3717成为2级文明
恭喜文明3729成为2级文明
恭喜文明3737成为2级文明
恭喜文明3745成为2级文明
恭喜文明3752成为2级文明
恭喜文明3757成为2级文明
恭喜文明3760成为2级文明
恭喜文明3765成为2级文明
恭喜文明3766成为2级文明
恭喜文明3767成为2级文明
恭喜文明3771成为2级文明
恭喜文明3780成为2级文明
恭喜文明3788成为2级文明
恭喜文明3794成为2级文明
恭喜文明3798成为2级文明
恭喜文明3802成为2级文明
恭喜文明3805成为2级文明
恭喜文明3814成为2级文明
恭喜文明3819成为2级文明
恭喜文明3824成为2级文明
恭喜文明3838成为2级文明
恭喜文明3840成为2级文明
恭喜文明3853成为2级文明
恭喜文明3854成为2级文明
恭喜文明3861成为2级文明
恭喜文明3862成为2级文明
恭喜文明3867成为2级文明
恭喜文明3874成为2级文明
恭喜文明3875成为2级文明
恭喜文明3877成为2级文明
恭喜文明3882成为2级文明
恭喜文明3899成为2级文明
恭喜文明3907成为2级文明
恭喜文明3915成为2级文明
恭喜文明3928成为2级文明
恭喜文明3938成为2级文明
恭喜文明3941成为2级文明
恭喜文明3942成为2级文明
恭喜文明3948成为2级文明
恭喜文明3949成为2级文明
恭喜文明3961成为2级文明
恭喜文明3973成为2级文明
恭喜文明3986成为2级文明
恭喜文明3987成为2级文明
恭喜文明3993成为2级文明
恭喜文明4005成为2级文明
恭喜文明4011成为2级文明
恭喜文明4013成为2级文明
恭喜文明4019成为2级文明
恭喜文明4029成为2级文明
恭喜文明4031成为2级文明
恭喜文明4043成为2级文明
恭喜文明4045成为2级文明
恭喜文明4055成为2级文明
恭喜文明4070成为2级文明
恭喜文明4082成为3级文明
恭喜文明4089成为2级文明
恭喜文明4090成为2级文明
恭喜文明4094成为2级文明
恭喜文明4096成为2级文明
恭喜文明4101成为2级文明
恭喜文明4107成为2级文明
恭喜文明4110成为2级文明
恭喜文明4116成为2级文明
恭喜文明4117成为2级文明
恭喜文明4127成为3级文明
恭喜文明4133成为2级文明
恭喜文明4139成为2级文明
恭喜文明4141成为2级文明
恭喜文明4146成为2级文明
恭喜文明4149成为2级文明
恭喜文明4151成为2级文明
恭喜文明4154成为2级文明
恭喜文明4156成为2级文明
恭喜文明4160成为2级文明
恭喜文明4161成为2级文明
恭喜文明4162成为2级文明
恭喜文明4175成为3级文明
恭喜文明4180成为2级文明
恭喜文明4183成为2级文明
恭喜文明4184成为2级文明
恭喜文明4185成为2级文明
恭喜文明4190成为2级文明
恭喜文明4191成为2级文明
恭喜文明4208成为2级文明
恭喜文明4214成为2级文明
恭喜文明4217成为2级文明
恭喜文明4221成为2级文明
恭喜文明4227成为2级文明
恭喜文明4231成为2级文明
恭喜文明4239成为2级文明
恭喜文明4240成为2级文明
恭喜文明4253成为2级文明
恭喜文明4257成为2级文明
恭喜文明4258成为2级文明
恭喜文明4265成为2级文明
恭喜文明4266成为2级文明
恭喜文明4267成为2级文明
恭喜文明4284成为2级文明
恭喜文明4287成为2级文明
恭喜文明4290成为2级文明
恭喜文明4291成为2级文明
恭喜文明4300成为2级文明
恭喜文明4302成为2级文明
恭喜文明4311成为2级文明
恭喜文明4327成为2级文明
恭喜文明4338成为2级文明
恭喜文明4351成为2级文明
恭喜文明4353成为2级文明
恭喜文明4358成为2级文明
恭喜文明4359成为2级文明
恭喜文明4362成为2级文明
恭喜文明4371成为2级文明
恭喜文明4377成为2级文明
恭喜文明4379成为2级文明
恭喜文明4387成为2级文明
恭喜文明4388成为2级文明
恭喜文明4398成为2级文明
恭喜文明4399成为2级文明
恭喜文明4423成为2级文明
恭喜文明4424成为2级文明
恭喜文明4427成为2级文明
恭喜文明4430成为2级文明
恭喜文明4431成为2级文明
恭喜文明4437成为2级文明
恭喜文明4443成为2级文明
恭喜文明4451成为2级文明
恭喜文明4475成为2级文明
恭喜文明4490成为2级文明
恭喜文明4494成为2级文明
恭喜文明4506成为2级文明
恭喜文明4511成为2级文明
恭喜文明4517成为2级文明
恭喜文明4519成为2级文明
恭喜文明4528成为2级文明
恭喜文明4538成为2级文明
恭喜文明4540成为2级文明
恭喜文明4551成为2级文明
恭喜文明4552成为2级文明
恭喜文明4565成为2级文明
恭喜文明4584成为2级文明
恭喜文明4590成为2级文明
恭喜文明4601成为2级文明
恭喜文明4609成为2级文明
恭喜文明4630成为2级文明
恭喜文明4632成为2级文明
恭喜文明4634成为2级文明
恭喜文明4638成为2级文明
恭喜文明4641成为2级文明
恭喜文明4646成为2级文明
恭喜文明4652成为2级文明
恭喜文明4657成为2级文明
恭喜文明4659成为2级文明
恭喜文明4662成为2级文明
恭喜文明4675成为2级文明
恭喜文明4682成为2级文明
恭喜文明4683成为2级文明
恭喜文明4693成为2级文明
恭喜文明4694成为2级文明
恭喜文明4697成为2级文明
恭喜文明4699成为2级文明
恭喜文明4700成为2级文明
恭喜文明4702成为2级文明
恭喜文明4706成为2级文明
恭喜文明4708成为2级文明
恭喜文明4710成为2级文明
恭喜文明4723成为2级文明
恭喜文明4724成为2级文明
恭喜文明4729成为2级文明
恭喜文明4730成为2级文明
恭喜文明4735成为2级文明
恭喜文明4737成为2级文明
恭喜文明4739成为2级文明
恭喜文明4750成为2级文明
恭喜文明4766成为2级文明
恭喜文明4776成为2级文明
恭喜文明4778成为2级文明
恭喜文明4780成为2级文明
恭喜文明4789成为2级文明
恭喜文明4790成为2级文明
恭喜文明4801成为2级文明
恭喜文明4807成为2级文明
恭喜文明4808成为2级文明
恭喜文明4817成为2级文明
恭喜文明4818成为2级文明
恭喜文明4823成为2级文明
恭喜文明4824成为2级文明
恭喜文明4831成为2级文明
恭喜文明4834成为2级文明
恭喜文明4841成为2级文明
恭喜文明4856成为2级文明
恭喜文明4860成为2级文明
恭喜文明4866成为2级文明
恭喜文明4870成为2级文明
恭喜文明4875成为2级文明
恭喜文明4886成为2级文明
恭喜文明4888成为2级文明
恭喜文明4889成为2级文明
恭喜文明4890成为2级文明
恭喜文明4891成为2级文明
恭喜文明4892成为2级文明
恭喜文明4901成为2级文明
恭喜文明4924成为2级文明
恭喜文明4925成为2级文明
恭喜文明4926成为2级文明
恭喜文明4928成为2级文明
恭喜文明4930成为2级文明
恭喜文明4932成为2级文明
恭喜文明4935成为2级文明
恭喜文明4938成为2级文明
恭喜文明4940成为2级文明
恭喜文明4944成为2级文明
恭喜文明4953成为2级文明
恭喜文明4958成为2级文明
恭喜文明4965成为2级文明
恭喜文明4966成为2级文明
恭喜文明4968成为2级文明
恭喜文明4972成为2级文明
恭喜文明4974成为2级文明
恭喜文明4982成为2级文明
恭喜文明4984成为2级文明
恭喜文明4988成为2级文明
恭喜文明4990成为2级文明
剩余文明数量：4136

第4回合：
高维文明5抹杀了低维文明4254!
高维文明454抹杀了低维文明14!
文明16抹杀了文明7！
高维文明21抹杀了低维文明2818!
文明24抹杀了文明23！
文明3808抹杀了文明27！
文明24抹杀了文明29！
文明24抹杀了文明30！
高维文明550抹杀了低维文明34!
文明55抹杀了文明54！
文明71抹杀了文明57！
文明74抹杀了文明72！
文明74抹杀了文明79！
文明96抹杀了文明95！
高维文明98抹杀了低维文明96!
文明98抹杀了文明105！
高维文明98抹杀了低维文明108!
高维文明98抹杀了低维文明112!
高维文明98抹杀了低维文明115!
高维文明117抹杀了低维文明3514!
高维文明4121抹杀了低维文明119!
高维文明98抹杀了低维文明120!
高维文明98抹杀了低维文明123!
高维文明98抹杀了低维文明125!
文明98抹杀了文明126！
高维文明98抹杀了低维文明128!
高维文明98抹杀了低维文明136!
高维文明98抹杀了低维文明142!
高维文明98抹杀了低维文明147!
文明3138抹杀了文明155！
高维文明98抹杀了低维文明156!
高维文明157抹杀了低维文明2440!
高维文明98抹杀了低维文明164!
高维文明98抹杀了低维文明166!
文明98抹杀了文明171！
文明98与文明172同归于尽！
高维文明175抹杀了低维文明4854!
高维文明183抹杀了低维文明180!
高维文明186抹杀了低维文明192!
高维文明186抹杀了低维文明200!
高维文明186抹杀了低维文明202!
文明186抹杀了文明208！
高维文明3355抹杀了低维文明209!
高维文明186抹杀了低维文明212!
文明186抹杀了文明213！
高维文明186抹杀了低维文明215!
文明4732抹杀了文明216！
文明186抹杀了文明220！
文明186与文明222同归于尽！
高维文明228抹杀了低维文明94!
高维文明229抹杀了低维文明225!
高维文明229抹杀了低维文明4126!
文明238抹杀了文明236！
高维文明245抹杀了低维文明238!
高维文明2895抹杀了低维文明247!
文明254抹杀了文明253！
高维文明258抹杀了低维文明254!
高维文明258抹杀了低维文明260!
高维文明258抹杀了低维文明262!
高维文明265抹杀了低维文明983!
文明258抹杀了文明273！
高维文明258抹杀了低维文明277!
高维文明258抹杀了低维文明281!
高维文明258抹杀了低维文明284!
文明285抹杀了文明4351！
高维文明258抹杀了低维文明293!
文明258抹杀了文明294！
高维文明258抹杀了低维文明302!
高维文明258抹杀了低维文明305!
文明4517抹杀了文明310！
文明258抹杀了文明313！
文明2489抹杀了文明317！
文明258与文明319同归于尽！
文明326抹杀了文明323！
高维文明331抹杀了低维文明326!
高维文明4190抹杀了低维文明336!
高维文明331抹杀了低维文明337!
文明331抹杀了文明339！
文明331抹杀了文明340！
文明2958抹杀了文明342！
高维文明331抹杀了低维文明346!
高维文明331抹杀了低维文明347!
高维文明331抹杀了低维文明348!
高维文明331抹杀了低维文明349!
文明331抹杀了文明358！
文明331抹杀了文明359！
文明331与文明362同归于尽！
文明265抹杀了文明369！
文明377抹杀了文明378！
高维文明384抹杀了低维文明377!
高维文明3771抹杀了低维文明385!
高维文明384抹杀了低维文明387!
高维文明384抹杀了低维文明393!
高维文明384抹杀了低维文明394!
文明556抹杀了文明399！
高维文明384抹杀了低维文明400!
高维文明384抹杀了低维文明406!
高维文明384抹杀了低维文明416!
文明384抹杀了文明417！
文明384与文明418同归于尽！
高维文明429抹杀了低维文明428!
文明430抹杀了文明437！
文明445抹杀了文明430！
高维文明455抹杀了低维文明448!
高维文明456抹杀了低维文明1003!
文明455抹杀了文明456！
高维文明455抹杀了低维文明457!
文明455抹杀了文明458！
文明455抹杀了文明462！
高维文明1649抹杀了低维文明466!
高维文明455抹杀了低维文明468!
高维文明455抹杀了低维文明470!
高维文明3293抹杀了低维文明476!
高维文明455抹杀了低维文明477!
高维文明650抹杀了低维文明482!
高维文明455抹杀了低维文明485!
高维文明455抹杀了低维文明487!
高维文明455抹杀了低维文明494!
文明455抹杀了文明496！
文明3116抹杀了文明502！
高维文明760抹杀了低维文明513!
高维文明455抹杀了低维文明519!
高维文明3652抹杀了低维文明520!
高维文明455抹杀了低维文明533!
高维文明455抹杀了低维文明535!
高维文明455抹杀了低维文明539!
文明455抹杀了文明541！
高维文明455抹杀了低维文明547!
文明455抹杀了文明550！
高维文明455抹杀了低维文明552!
高维文明455抹杀了低维文明553!
高维文明455抹杀了低维文明554!
高维文明455抹杀了低维文明557!
高维文明455抹杀了低维文明561!
文明455抹杀了文明569！
文明455与文明571同归于尽！
高维文明576抹杀了低维文明574!
高维文明576抹杀了低维文明591!
高维文明4185抹杀了低维文明594!
高维文明598抹杀了低维文明4470!
高维文明595抹杀了低维文明599!
高维文明595抹杀了低维文明603!
高维文明595抹杀了低维文明613!
文明595抹杀了文明618！
高维文明595抹杀了低维文明621!
高维文明595抹杀了低维文明625!
高维文明595抹杀了低维文明632!
文明595抹杀了文明637！
高维文明595抹杀了低维文明640!
文明595抹杀了文明641！
高维文明595抹杀了低维文明644!
高维文明595抹杀了低维文明645!
文明595抹杀了文明650！
高维文明595抹杀了低维文明652!
文明595抹杀了文明655！
高维文明595抹杀了低维文明657!
高维文明595抹杀了低维文明659!
高维文明660抹杀了低维文明595!
高维文明665抹杀了低维文明3485!
高维文明668抹杀了低维文明669!
文明668抹杀了文明673！
高维文明668抹杀了低维文明680!
高维文明668抹杀了低维文明684!
高维文明668抹杀了低维文明688!
高维文明668抹杀了低维文明691!
高维文明668抹杀了低维文明693!
文明668抹杀了文明696！
高维文明699抹杀了低维文明3603!
高维文明704抹杀了低维文明1151!
高维文明668抹杀了低维文明713!
高维文明668抹杀了低维文明723!
高维文明668抹杀了低维文明725!
文明668抹杀了文明726！
高维文明668抹杀了低维文明727!
高维文明668抹杀了低维文明729!
高维文明668抹杀了低维文明731!
文明668抹杀了文明735！
文明668与文明742同归于尽！
高维文明747抹杀了低维文明4909!
文明746抹杀了文明752！
高维文明4935抹杀了低维文明754!
高维文明760抹杀了低维文明756!
高维文明770抹杀了低维文明767!
高维文明770抹杀了低维文明777!
高维文明770抹杀了低维文明780!
高维文明770抹杀了低维文明785!
高维文明770抹杀了低维文明791!
高维文明770抹杀了低维文明792!
高维文明770抹杀了低维文明796!
高维文明770抹杀了低维文明799!
高维文明770抹杀了低维文明805!
高维文明770抹杀了低维文明812!
高维文明770抹杀了低维文明814!
高维文明770抹杀了低维文明815!
高维文明3628抹杀了低维文明818!
高维文明770抹杀了低维文明819!
高维文明770抹杀了低维文明821!
高维文明770抹杀了低维文明825!
高维文明770抹杀了低维文明828!
高维文明834抹杀了低维文明4143!
高维文明836抹杀了低维文明3681!
高维文明1501抹杀了低维文明837!
高维文明770抹杀了低维文明838!
高维文明770抹杀了低维文明839!
高维文明770抹杀了低维文明840!
高维文明1031抹杀了低维文明847!
高维文明770抹杀了低维文明856!
高维文明868抹杀了低维文明3479!
文明770抹杀了文明868！
高维文明770抹杀了低维文明874!
高维文明770抹杀了低维文明877!
高维文明770抹杀了低维文明885!
高维文明770抹杀了低维文明887!
高维文明770抹杀了低维文明888!
高维文明770抹杀了低维文明889!
高维文明770抹杀了低维文明890!
高维文明770抹杀了低维文明892!
高维文明770抹杀了低维文明896!
高维文明770抹杀了低维文明900!
高维文明770抹杀了低维文明903!
高维文明770抹杀了低维文明907!
高维文明770抹杀了低维文明908!
高维文明924抹杀了低维文明4529!
高维文明770抹杀了低维文明927!
高维文明770抹杀了低维文明935!
高维文明770抹杀了低维文明936!
高维文明770抹杀了低维文明943!
高维文明770抹杀了低维文明944!
高维文明770抹杀了低维文明946!
高维文明770抹杀了低维文明947!
高维文明770抹杀了低维文明949!
高维文明956抹杀了低维文明4335!
高维文明770抹杀了低维文明965!
高维文明770抹杀了低维文明967!
高维文明770抹杀了低维文明978!
高维文明770抹杀了低维文明998!
高维文明770抹杀了低维文明1004!
高维文明770抹杀了低维文明1008!
高维文明770抹杀了低维文明1015!
高维文明770抹杀了低维文明1018!
高维文明770抹杀了低维文明1023!
高维文明770抹杀了低维文明1031!
高维文明770抹杀了低维文明1033!
高维文明1469抹杀了低维文明1035!
高维文明1038抹杀了低维文明3532!
高维文明770抹杀了低维文明1039!
高维文明770抹杀了低维文明1040!
高维文明770抹杀了低维文明1044!
高维文明770抹杀了低维文明1046!
高维文明770抹杀了低维文明1047!
高维文明770抹杀了低维文明1049!
高维文明770抹杀了低维文明1056!
高维文明770抹杀了低维文明1060!
高维文明770抹杀了低维文明1061!
高维文明770抹杀了低维文明1062!
高维文明770抹杀了低维文明1063!
高维文明770抹杀了低维文明1067!
高维文明770抹杀了低维文明1072!
高维文明770抹杀了低维文明1079!
高维文明770抹杀了低维文明1092!
高维文明770抹杀了低维文明1094!
高维文明770抹杀了低维文明1096!
高维文明770抹杀了低维文明1100!
高维文明770抹杀了低维文明1103!
高维文明770抹杀了低维文明1107!
高维文明1116抹杀了低维文明1155!
高维文明770抹杀了低维文明1127!
高维文明770抹杀了低维文明1135!
高维文明770抹杀了低维文明1138!
高维文明1141抹杀了低维文明3817!
高维文明2690抹杀了低维文明1142!
高维文明770抹杀了低维文明1147!
高维文明770抹杀了低维文明1156!
高维文明770抹杀了低维文明1161!
高维文明1164抹杀了低维文明1628!
高维文明770抹杀了低维文明1167!
高维文明770抹杀了低维文明1168!
高维文明770抹杀了低维文明1174!
高维文明770抹杀了低维文明1178!
高维文明770抹杀了低维文明1184!
高维文明770抹杀了低维文明1185!
高维文明770抹杀了低维文明1193!
高维文明770抹杀了低维文明1197!
高维文明1205抹杀了低维文明2044!
高维文明770抹杀了低维文明1206!
高维文明770抹杀了低维文明1210!
文明1213抹杀了文明4004！
高维文明770抹杀了低维文明1215!
高维文明770抹杀了低维文明1223!
高维文明770抹杀了低维文明1229!
高维文明770抹杀了低维文明1230!
高维文明770抹杀了低维文明1237!
高维文明4240抹杀了低维文明1239!
高维文明770抹杀了低维文明1241!
高维文明770抹杀了低维文明1247!
高维文明770抹杀了低维文明1249!
高维文明770抹杀了低维文明1252!
高维文明770抹杀了低维文明1262!
高维文明770抹杀了低维文明1264!
高维文明770抹杀了低维文明1283!
高维文明770抹杀了低维文明1286!
高维文明770抹杀了低维文明1287!
高维文明770抹杀了低维文明1291!
高维文明770抹杀了低维文明1296!
高维文明770抹杀了低维文明1298!
高维文明770抹杀了低维文明1309!
文明2907抹杀了文明1311！
高维文明770抹杀了低维文明1313!
高维文明770抹杀了低维文明1324!
高维文明770抹杀了低维文明1327!
高维文明770抹杀了低维文明1331!
高维文明770抹杀了低维文明1333!
高维文明770抹杀了低维文明1340!
高维文明770抹杀了低维文明1353!
高维文明770抹杀了低维文明1354!
高维文明770抹杀了低维文明1355!
高维文明770抹杀了低维文明1357!
高维文明770抹杀了低维文明1372!
高维文明770抹杀了低维文明1381!
高维文明770抹杀了低维文明1386!
高维文明770抹杀了低维文明1387!
高维文明770抹杀了低维文明1388!
高维文明770抹杀了低维文明1389!
高维文明770抹杀了低维文明1390!
高维文明770抹杀了低维文明1398!
高维文明1401抹杀了低维文明4323!
高维文明770抹杀了低维文明1402!
高维文明770抹杀了低维文明1408!
高维文明770抹杀了低维文明1411!
高维文明770抹杀了低维文明1415!
文明1417抹杀了文明1461！
高维文明770抹杀了低维文明1424!
高维文明770抹杀了低维文明1425!
高维文明770抹杀了低维文明1426!
高维文明770抹杀了低维文明1432!
高维文明1437抹杀了低维文明4507!
高维文明770抹杀了低维文明1442!
高维文明770抹杀了低维文明1445!
高维文明770抹杀了低维文明1447!
高维文明770抹杀了低维文明1449!
高维文明770抹杀了低维文明1465!
高维文明770抹杀了低维文明1469!
高维文明770抹杀了低维文明1471!
高维文明770抹杀了低维文明1475!
高维文明770抹杀了低维文明1478!
高维文明1481抹杀了低维文明4336!
高维文明770抹杀了低维文明1485!
高维文明770抹杀了低维文明1486!
高维文明770抹杀了低维文明1487!
高维文明770抹杀了低维文明1489!
高维文明770抹杀了低维文明1498!
高维文明770抹杀了低维文明1501!
高维文明770抹杀了低维文明1514!
高维文明770抹杀了低维文明1516!
高维文明770抹杀了低维文明1519!
高维文明770抹杀了低维文明1523!
高维文明770抹杀了低维文明1527!
高维文明770抹杀了低维文明1542!
高维文明770抹杀了低维文明1550!
高维文明770抹杀了低维文明1552!
高维文明770抹杀了低维文明1556!
高维文明770抹杀了低维文明1559!
高维文明770抹杀了低维文明1560!
高维文明770抹杀了低维文明1561!
高维文明770抹杀了低维文明1569!
高维文明770抹杀了低维文明1571!
高维文明770抹杀了低维文明1573!
高维文明770抹杀了低维文明1580!
高维文明1582抹杀了低维文明4085!
高维文明770抹杀了低维文明1596!
高维文明770抹杀了低维文明1600!
高维文明770抹杀了低维文明1603!
高维文明4694抹杀了低维文明1606!
高维文明770抹杀了低维文明1608!
高维文明770抹杀了低维文明1613!
高维文明770抹杀了低维文明1616!
高维文明770抹杀了低维文明1618!
高维文明770抹杀了低维文明1619!
高维文明1622抹杀了低维文明2738!
高维文明770抹杀了低维文明1622!
高维文明770抹杀了低维文明1624!
高维文明770抹杀了低维文明1632!
高维文明770抹杀了低维文明1636!
高维文明770抹杀了低维文明1637!
高维文明770抹杀了低维文明1639!
高维文明770抹杀了低维文明1641!
高维文明770抹杀了低维文明1643!
高维文明770抹杀了低维文明1645!
高维文明770抹杀了低维文明1649!
高维文明770抹杀了低维文明1651!
高维文明770抹杀了低维文明1657!
高维文明770抹杀了低维文明1659!
高维文明770抹杀了低维文明1666!
高维文明770抹杀了低维文明1678!
高维文明770抹杀了低维文明1702!
高维文明770抹杀了低维文明1709!
高维文明770抹杀了低维文明1716!
高维文明770抹杀了低维文明1719!
高维文明770抹杀了低维文明1732!
高维文明770抹杀了低维文明1733!
高维文明770抹杀了低维文明1737!
高维文明770抹杀了低维文明1750!
高维文明770抹杀了低维文明1751!
高维文明770抹杀了低维文明1767!
高维文明770抹杀了低维文明1769!
高维文明770抹杀了低维文明1771!
高维文明770抹杀了低维文明1772!
高维文明770抹杀了低维文明1773!
高维文明770抹杀了低维文明1776!
高维文明770抹杀了低维文明1779!
高维文明770抹杀了低维文明1795!
高维文明770抹杀了低维文明1796!
高维文明770抹杀了低维文明1799!
高维文明770抹杀了低维文明1816!
高维文明770抹杀了低维文明1821!
高维文明770抹杀了低维文明1823!
高维文明770抹杀了低维文明1834!
高维文明770抹杀了低维文明1837!
高维文明770抹杀了低维文明1838!
文明1852抹杀了文明1611！
高维文明770抹杀了低维文明1861!
高维文明770抹杀了低维文明1862!
高维文明770抹杀了低维文明1864!
高维文明770抹杀了低维文明1867!
高维文明770抹杀了低维文明1872!
高维文明770抹杀了低维文明1881!
高维文明770抹杀了低维文明1887!
高维文明770抹杀了低维文明1889!
高维文明770抹杀了低维文明1892!
高维文明770抹杀了低维文明1899!
高维文明770抹杀了低维文明1900!
高维文明770抹杀了低维文明1902!
高维文明770抹杀了低维文明1909!
高维文明3690抹杀了低维文明1912!
高维文明770抹杀了低维文明1913!
高维文明770抹杀了低维文明1915!
高维文明770抹杀了低维文明1916!
高维文明770抹杀了低维文明1918!
高维文明770抹杀了低维文明1921!
高维文明770抹杀了低维文明1925!
文明1931抹杀了文明1604！
高维文明770抹杀了低维文明1943!
高维文明770抹杀了低维文明1945!
高维文明770抹杀了低维文明1946!
高维文明770抹杀了低维文明1953!
高维文明770抹杀了低维文明1956!
高维文明770抹杀了低维文明1957!
高维文明1964抹杀了低维文明2576!
高维文明770抹杀了低维文明1966!
高维文明770抹杀了低维文明1973!
高维文明770抹杀了低维文明1977!
高维文明770抹杀了低维文明1981!
高维文明770抹杀了低维文明1987!
高维文明770抹杀了低维文明1994!
高维文明770抹杀了低维文明1995!
高维文明770抹杀了低维文明2001!
高维文明770抹杀了低维文明2011!
高维文明2015抹杀了低维文明2735!
高维文明770抹杀了低维文明2021!
高维文明770抹杀了低维文明2022!
高维文明770抹杀了低维文明2023!
高维文明770抹杀了低维文明2024!
高维文明770抹杀了低维文明2046!
高维文明770抹杀了低维文明2047!
高维文明770抹杀了低维文明2062!
文明1686抹杀了文明2071！
高维文明770抹杀了低维文明2074!
高维文明4729抹杀了低维文明2075!
高维文明770抹杀了低维文明2081!
高维文明770抹杀了低维文明2085!
高维文明770抹杀了低维文明2090!
高维文明770抹杀了低维文明2093!
高维文明770抹杀了低维文明2094!
高维文明770抹杀了低维文明2098!
高维文明770抹杀了低维文明2100!
高维文明770抹杀了低维文明2102!
高维文明770抹杀了低维文明2103!
高维文明770抹杀了低维文明2105!
高维文明770抹杀了低维文明2106!
高维文明770抹杀了低维文明2111!
高维文明770抹杀了低维文明2122!
高维文明770抹杀了低维文明2124!
高维文明770抹杀了低维文明2125!
高维文明770抹杀了低维文明2133!
高维文明770抹杀了低维文明2141!
高维文明770抹杀了低维文明2151!
文明770抹杀了文明2160！
文明770与文明2163同归于尽！
文明2164抹杀了文明2169！
高维文明2179抹杀了低维文明2164!
高维文明2179抹杀了低维文明2180!
文明2179抹杀了文明2182！
高维文明2179抹杀了低维文明2183!
高维文明2179抹杀了低维文明2191!
高维文明2179抹杀了低维文明2202!
文明2179抹杀了文明2205！
高维文明2179抹杀了低维文明2211!
文明2179抹杀了文明2212！
文明2996抹杀了文明2217！
文明2179抹杀了文明2221！
高维文明2179抹杀了低维文明2225!
文明2179抹杀了文明2228！
高维文明2179抹杀了低维文明2248!
文明2179抹杀了文明2251！
高维文明2179抹杀了低维文明2255!
高维文明2179抹杀了低维文明2256!
高维文明2263抹杀了低维文明4837!
文明2179抹杀了文明2264！
高维文明2179抹杀了低维文明2271!
高维文明2179抹杀了低维文明2273!
高维文明2179抹杀了低维文明2274!
高维文明2179抹杀了低维文明2275!
高维文明2179抹杀了低维文明2281!
高维文明2179抹杀了低维文明2285!
文明2179抹杀了文明2286！
文明2179与文明2289同归于尽！
文明2290抹杀了文明2309！
高维文明2312抹杀了低维文明2310!
高维文明2312抹杀了低维文明2319!
高维文明2312抹杀了低维文明2320!
文明4640抹杀了文明2343！
高维文明2312抹杀了低维文明2344!
文明3195抹杀了文明2350！
高维文明2312抹杀了低维文明2355!
高维文明2312抹杀了低维文明2359!
高维文明2312抹杀了低维文明2365!
文明2312抹杀了文明2372！
文明2312抹杀了文明2373！
文明2312抹杀了文明2374！
高维文明2312抹杀了低维文明2376!
高维文明2312抹杀了低维文明2380!
高维文明2312抹杀了低维文明2386!
高维文明2312抹杀了低维文明2389!
高维文明2312抹杀了低维文明2390!
文明2312抹杀了文明2395！
高维文明2312抹杀了低维文明2399!
高维文明2312抹杀了低维文明2400!
高维文明2312抹杀了低维文明2406!
高维文明2312抹杀了低维文明2410!
文明2312抹杀了文明2420！
高维文明2312抹杀了低维文明2425!
文明2312抹杀了文明2429！
高维文明2312抹杀了低维文明2430!
高维文明2312抹杀了低维文明2438!
高维文明2453抹杀了低维文明2312!
文明1082抹杀了文明2462！
文明2454抹杀了文明2464！
高维文明2466抹杀了低维文明3784!
高维文明2468抹杀了低维文明2454!
高维文明2468抹杀了低维文明2469!
文明2468抹杀了文明2472！
高维文明2468抹杀了低维文明2473!
高维文明2477抹杀了低维文明2587!
高维文明2477抹杀了低维文明2481!
高维文明2477抹杀了低维文明2482!
高维文明2477抹杀了低维文明2483!
高维文明2477抹杀了低维文明2486!
高维文明2477抹杀了低维文明2491!
高维文明2477抹杀了低维文明2499!
高维文明2477抹杀了低维文明2508!
高维文明2477抹杀了低维文明2510!
文明2477抹杀了文明2515！
高维文明2477抹杀了低维文明2533!
高维文明2477抹杀了低维文明2540!
高维文明2543抹杀了低维文明3097!
文明2477抹杀了文明2543！
文明2477抹杀了文明2546！
文明2556抹杀了文明2624！
文明4233抹杀了文明2559！
高维文明2477抹杀了低维文明2561!
高维文明2477抹杀了低维文明2563!
高维文明2477抹杀了低维文明2569!
高维文明2564抹杀了低维文明2570!
文明2477抹杀了文明2582！
高维文明2477抹杀了低维文明2585!
文明2477抹杀了文明2592！
文明2595抹杀了文明2477！
文明2606抹杀了文明2596！
文明2560抹杀了文明2607！
高维文明2617抹杀了低维文明3102!
高维文明2617抹杀了低维文明3202!
文明2637抹杀了文明2618！
高维文明2641抹杀了低维文明2637!
高维文明2646抹杀了低维文明2644!
文明2646抹杀了文明2650！
高维文明4765抹杀了低维文明2652!
高维文明2646抹杀了低维文明2655!
高维文明4117抹杀了低维文明2658!
文明2646抹杀了文明2664！
高维文明2646抹杀了低维文明2667!
高维文明2646抹杀了低维文明2669!
高维文明2646抹杀了低维文明2672!
文明2646抹杀了文明2674！
高维文明2646抹杀了低维文明2675!
高维文明2646抹杀了低维文明2681!
文明2646抹杀了文明2682！
高维文明2646抹杀了低维文明2683!
高维文明2646抹杀了低维文明2684!
文明2646抹杀了文明2688！
文明2693抹杀了文明2646！
高维文明2703抹杀了低维文明2701!
高维文明2703抹杀了低维文明2704!
高维文明2708抹杀了低维文明4237!
高维文明2703抹杀了低维文明2714!
高维文明2703抹杀了低维文明2716!
高维文明2703抹杀了低维文明2717!
文明2703抹杀了文明2719！
高维文明2703抹杀了低维文明2730!
高维文明2703抹杀了低维文明2732!
高维文明2703抹杀了低维文明2737!
高维文明2703抹杀了低维文明2747!
高维文明2703抹杀了低维文明2755!
文明2703抹杀了文明2756！
高维文明2703抹杀了低维文明2760!
高维文明4371抹杀了低维文明2762!
高维文明2703抹杀了低维文明2770!
高维文明4702抹杀了低维文明2771!
高维文明2703抹杀了低维文明2774!
高维文明2703抹杀了低维文明2776!
高维文明2703抹杀了低维文明2782!
高维文明2784抹杀了低维文明570!
高维文明2269抹杀了低维文明2786!
高维文明2703抹杀了低维文明2788!
高维文明2703抹杀了低维文明2790!
文明2703抹杀了文明2795！
文明2796抹杀了文明1366！
文明2703与文明2800同归于尽！
文明151抹杀了文明2803！
高维文明2815抹杀了低维文明2807!
高维文明2826抹杀了低维文明2832!
高维文明2826抹杀了低维文明2833!
文明2826抹杀了文明2835！
高维文明2826抹杀了低维文明2837!
高维文明2826抹杀了低维文明2839!
高维文明2826抹杀了低维文明2850!
高维文明2826抹杀了低维文明2852!
文明2826抹杀了文明2857！
高维文明2826抹杀了低维文明2858!
高维文明2871抹杀了低维文明4879!
文明2826抹杀了文明2874！
高维文明2826抹杀了低维文明2877!
高维文明2826抹杀了低维文明2882!
高维文明2826抹杀了低维文明2884!
文明2826抹杀了文明2895！
高维文明2826抹杀了低维文明2898!
高维文明2826抹杀了低维文明2906!
高维文明2826抹杀了低维文明2908!
高维文明2826抹杀了低维文明2917!
文明2826抹杀了文明2919！
文明2826与文明2927同归于尽！
高维文明486抹杀了低维文明2931!
高维文明2933抹杀了低维文明4304!
文明2937抹杀了文明2932！
文明3573抹杀了文明2938！
高维文明2948抹杀了低维文明2940!
高维文明2948抹杀了低维文明2955!
高维文明2958抹杀了低维文明3088!
文明2948抹杀了文明2958！
高维文明2948抹杀了低维文明2959!
文明2948抹杀了文明2960！
高维文明2948抹杀了低维文明2964!
文明4606抹杀了文明2968！
高维文明2948抹杀了低维文明2971!
高维文明2933抹杀了低维文明2973!
高维文明2948抹杀了低维文明2974!
高维文明2948抹杀了低维文明2976!
高维文明2948抹杀了低维文明2984!
高维文明2948抹杀了低维文明2987!
文明2948抹杀了文明2989！
高维文明2992抹杀了低维文明4036!
高维文明2948抹杀了低维文明2994!
高维文明2948抹杀了低维文明2998!
文明2948抹杀了文明2999！
高维文明2948抹杀了低维文明3000!
高维文明2948抹杀了低维文明3006!
高维文明2948抹杀了低维文明3011!
高维文明2948抹杀了低维文明3016!
高维文明2948抹杀了低维文明3018!
高维文明2948抹杀了低维文明3019!
高维文明2948抹杀了低维文明3022!
文明2948抹杀了文明3026！
文明3030抹杀了文明4556！
文明2948与文明3032同归于尽！
文明3036抹杀了文明1803！
高维文明3042抹杀了低维文明3039!
文明3048抹杀了文明3047！
文明3049抹杀了文明3052！
文明3061抹杀了文明3054！
文明3061抹杀了文明3064！
高维文明3066抹杀了低维文明3061!
高维文明3067抹杀了低维文明1473!
高维文明3066抹杀了低维文明3074!
高维文明3066抹杀了低维文明3075!
高维文明3066抹杀了低维文明3079!
高维文明3066抹杀了低维文明3082!
高维文明3066抹杀了低维文明3091!
高维文明3066抹杀了低维文明3092!
高维文明3066抹杀了低维文明3096!
高维文明3066抹杀了低维文明3099!
高维文明3066抹杀了低维文明3101!
高维文明3066抹杀了低维文明3106!
文明3066抹杀了文明3108！
高维文明3066抹杀了低维文明3110!
高维文明3066抹杀了低维文明3113!
高维文明3066抹杀了低维文明3114!
高维文明3066抹杀了低维文明3115!
高维文明3066抹杀了低维文明3116!
高维文明3066抹杀了低维文明3126!
高维文明3066抹杀了低维文明3130!
高维文明3066抹杀了低维文明3131!
文明3066抹杀了文明3136！
文明3139抹杀了文明3066！
文明3139与文明3141同归于尽！
高维文明4388抹杀了低维文明3148!
高维文明3149抹杀了低维文明3150!
高维文明3149抹杀了低维文明3152!
高维文明3153抹杀了低维文明616!
高维文明4082抹杀了低维文明3155!
文明3149抹杀了文明3161！
高维文明3149抹杀了低维文明3169!
文明3170抹杀了文明1017！
高维文明3149抹杀了低维文明3173!
高维文明3185抹杀了低维文明3225!
文明3149抹杀了文明3185！
高维文明3149抹杀了低维文明3197!
高维文明3149抹杀了低维文明3205!
高维文明3283抹杀了低维文明3207!
高维文明3149抹杀了低维文明3211!
文明3149抹杀了文明3214！
高维文明3215抹杀了低维文明718!
文明3149抹杀了文明3217！
高维文明3149抹杀了低维文明3219!
高维文明3149抹杀了低维文明3220!
高维文明3221抹杀了低维文明1466!
文明3223抹杀了文明3221！
高维文明3224抹杀了低维文明1893!
高维文明3223抹杀了低维文明3226!
文明3223抹杀了文明3228！
文明3487抹杀了文明3231！
高维文明3223抹杀了低维文明3235!
高维文明3223抹杀了低维文明3240!
高维文明3223抹杀了低维文明3241!
高维文明3223抹杀了低维文明3247!
文明3254抹杀了文明431！
高维文明3223抹杀了低维文明3256!
高维文明3788抹杀了低维文明3257!
高维文明3223抹杀了低维文明3270!
文明3223抹杀了文明3272！
文明3223抹杀了文明3284！
文明3223抹杀了文明3293！
高维文明3223抹杀了低维文明3294!
高维文明3223抹杀了低维文明3298!
文明3223抹杀了文明3300！
高维文明3223抹杀了低维文明3301!
高维文明3223抹杀了低维文明3302!
高维文明3223抹杀了低维文明3303!
高维文明3310抹杀了低维文明3307!
文明3223抹杀了文明3310！
高维文明3223抹杀了低维文明3314!
文明3316抹杀了文明4763！
高维文明3318抹杀了低维文明2193!
文明3223抹杀了文明3318！
高维文明3223抹杀了低维文明3321!
高维文明3223抹杀了低维文明3322!
高维文明3223抹杀了低维文明3324!
文明3223抹杀了文明3328！
文明3329抹杀了文明3223！
文明1220抹杀了文明3333！
文明3335抹杀了文明1177！
高维文明3342抹杀了低维文明2236!
高维文明3346抹杀了低维文明3343!
高维文明3348抹杀了低维文明4999!
文明3346抹杀了文明3348！
文明3346抹杀了文明3351！
高维文明3346抹杀了低维文明3352!
高维文明3346抹杀了低维文明3354!
高维文明3346抹杀了低维文明3356!
文明3346抹杀了文明3357！
文明3346与文明3358同归于尽！
文明3384抹杀了文明3374！
文明3384抹杀了文明3385！
高维文明3398抹杀了低维文明3391!
高维文明3398抹杀了低维文明3401!
高维文明3398抹杀了低维文明3409!
高维文明3398抹杀了低维文明3411!
高维文明3398抹杀了低维文明3413!
高维文明3398抹杀了低维文明3416!
高维文明4824抹杀了低维文明3418!
高维文明3398抹杀了低维文明3422!
高维文明3398抹杀了低维文明3423!
高维文明3398抹杀了低维文明3426!
高维文明3398抹杀了低维文明3430!
高维文明3398抹杀了低维文明3439!
高维文明3398抹杀了低维文明3444!
高维文明3398抹杀了低维文明3445!
高维文明3398抹杀了低维文明3448!
高维文明3398抹杀了低维文明3453!
高维文明3398抹杀了低维文明3455!
高维文明3398抹杀了低维文明3462!
高维文明3398抹杀了低维文明3464!
高维文明3398抹杀了低维文明3466!
高维文明3467抹杀了低维文明721!
高维文明3398抹杀了低维文明3470!
高维文明3398抹杀了低维文明3471!
高维文明3398抹杀了低维文明3476!
高维文明3398抹杀了低维文明3477!
高维文明3398抹杀了低维文明3484!
高维文明3398抹杀了低维文明3486!
文明2058抹杀了文明3489！
高维文明3949抹杀了低维文明3490!
高维文明3398抹杀了低维文明3492!
高维文明3398抹杀了低维文明3495!
高维文明3398抹杀了低维文明3499!
高维文明3504抹杀了低维文明4786!
高维文明3398抹杀了低维文明3505!
高维文明3398抹杀了低维文明3506!
高维文明3398抹杀了低维文明3516!
高维文明3398抹杀了低维文明3517!
高维文明3398抹杀了低维文明3519!
高维文明3398抹杀了低维文明3522!
高维文明245抹杀了低维文明3529!
高维文明3398抹杀了低维文明3533!
高维文明3398抹杀了低维文明3539!
高维文明3398抹杀了低维文明3540!
高维文明3398抹杀了低维文明3541!
高维文明3398抹杀了低维文明3545!
高维文明3398抹杀了低维文明3550!
高维文明3398抹杀了低维文明3551!
高维文明3398抹杀了低维文明3554!
高维文明3398抹杀了低维文明3556!
高维文明3398抹杀了低维文明3557!
高维文明3398抹杀了低维文明3567!
高维文明3571抹杀了低维文明2479!
高维文明3398抹杀了低维文明3573!
高维文明3398抹杀了低维文明3578!
高维文明3398抹杀了低维文明3579!
高维文明3398抹杀了低维文明3581!
高维文明3398抹杀了低维文明3582!
高维文明3398抹杀了低维文明3583!
高维文明3398抹杀了低维文明3585!
高维文明3398抹杀了低维文明3587!
高维文明3398抹杀了低维文明3588!
高维文明3398抹杀了低维文明3589!
高维文明3398抹杀了低维文明3597!
高维文明3398抹杀了低维文明3605!
高维文明3398抹杀了低维文明3609!
高维文明3398抹杀了低维文明3614!
高维文明3398抹杀了低维文明3619!
高维文明3398抹杀了低维文明3620!
高维文明3628抹杀了低维文明3528!
高维文明3398抹杀了低维文明3632!
高维文明3398抹杀了低维文明3634!
高维文明3398抹杀了低维文明3637!
高维文明3398抹杀了低维文明3641!
高维文明3398抹杀了低维文明3645!
文明4298抹杀了文明3646！
高维文明3398抹杀了低维文明3654!
高维文明3398抹杀了低维文明3657!
高维文明3398抹杀了低维文明3663!
高维文明3398抹杀了低维文明3668!
高维文明3675抹杀了低维文明2369!
高维文明3398抹杀了低维文明3675!
高维文明3398抹杀了低维文明3677!
高维文明3398抹杀了低维文明3690!
高维文明3398抹杀了低维文明3693!
高维文明3398抹杀了低维文明3697!
高维文明3398抹杀了低维文明3708!
高维文明3398抹杀了低维文明3709!
高维文明3398抹杀了低维文明3712!
高维文明3942抹杀了低维文明3720!
高维文明3398抹杀了低维文明3725!
高维文明3398抹杀了低维文明3729!
高维文明3398抹杀了低维文明3733!
高维文明3398抹杀了低维文明3734!
文明3737抹杀了文明4693！
高维文明3398抹杀了低维文明3737!
高维文明3398抹杀了低维文明3739!
高维文明3398抹杀了低维文明3744!
高维文明3398抹杀了低维文明3749!
高维文明3398抹杀了低维文明3750!
高维文明3398抹杀了低维文明3754!
高维文明3398抹杀了低维文明3757!
文明3758抹杀了文明1443！
文明3625抹杀了文明3764！
高维文明3765抹杀了低维文明382!
高维文明3398抹杀了低维文明3780!
高维文明3398抹杀了低维文明3783!
高维文明3398抹杀了低维文明3788!
高维文明3398抹杀了低维文明3791!
高维文明3398抹杀了低维文明3792!
高维文明3398抹杀了低维文明3793!
高维文明3398抹杀了低维文明3796!
高维文明3398抹杀了低维文明3799!
高维文明3398抹杀了低维文明3808!
高维文明3398抹杀了低维文明3814!
高维文明3398抹杀了低维文明3824!
高维文明3398抹杀了低维文明3825!
高维文明3398抹杀了低维文明3831!
高维文明3398抹杀了低维文明3834!
文明3836抹杀了文明4794！
高维文明3398抹杀了低维文明3838!
高维文明3398抹杀了低维文明3840!
高维文明3398抹杀了低维文明3848!
高维文明3398抹杀了低维文明3851!
高维文明3398抹杀了低维文明3853!
高维文明3398抹杀了低维文明3860!
高维文明3398抹杀了低维文明3862!
高维文明3398抹杀了低维文明3865!
高维文明3398抹杀了低维文明3877!
高维文明3398抹杀了低维文明3882!
高维文明3398抹杀了低维文明3886!
高维文明3398抹杀了低维文明3891!
高维文明3398抹杀了低维文明3892!
高维文明3398抹杀了低维文明3895!
高维文明3398抹杀了低维文明3896!
高维文明3398抹杀了低维文明3898!
高维文明3398抹杀了低维文明3899!
文明2527抹杀了文明3901！
高维文明3398抹杀了低维文明3907!
高维文明3398抹杀了低维文明3915!
高维文明3398抹杀了低维文明3922!
高维文明3398抹杀了低维文明3923!
高维文明3398抹杀了低维文明3928!
高维文明3398抹杀了低维文明3931!
高维文明4302抹杀了低维文明3933!
高维文明3398抹杀了低维文明3941!
高维文明3398抹杀了低维文明3949!
高维文明3398抹杀了低维文明3954!
高维文明3398抹杀了低维文明3958!
高维文明3398抹杀了低维文明3961!
高维文明3398抹杀了低维文明3963!
高维文明3398抹杀了低维文明3968!
高维文明3398抹杀了低维文明3980!
高维文明3398抹杀了低维文明3983!
高维文明3398抹杀了低维文明3987!
高维文明3398抹杀了低维文明3993!
高维文明3398抹杀了低维文明3995!
高维文明3398抹杀了低维文明4000!
高维文明4013抹杀了低维文明1108!
高维文明3398抹杀了低维文明4019!
高维文明3398抹杀了低维文明4031!
高维文明3398抹杀了低维文明4044!
高维文明3398抹杀了低维文明4047!
高维文明3398抹杀了低维文明4061!
高维文明3398抹杀了低维文明4063!
高维文明3398抹杀了低维文明4066!
高维文明3398抹杀了低维文明4069!
高维文明3398抹杀了低维文明4076!
高维文明3398抹杀了低维文明4077!
高维文明3398抹杀了低维文明4080!
文明3398抹杀了文明4082！
文明3398与文明4092同归于尽！
高维文明4096抹杀了低维文明4095!
文明2801抹杀了文明4106！
高维文明4121抹杀了低维文明4119!
高维文明4127抹杀了低维文明4125!
高维文明4133抹杀了低维文明4137!
文明4141抹杀了文明4133！
高维文明4146抹杀了低维文明4145!
高维文明4156抹杀了低维文明4155!
文明4168抹杀了文明4165！
高维文明4175抹杀了低维文明4169!
高维文明4183抹杀了低维文明4176!
高维文明4184抹杀了低维文明4186!
高维文明4184抹杀了低维文明4188!
高维文明4184抹杀了低维文明4192!
高维文明4184抹杀了低维文明4197!
高维文明4184抹杀了低维文明4201!
高维文明4184抹杀了低维文明4207!
高维文明4184抹杀了低维文明4213!
文明4184抹杀了文明4214！
文明4224抹杀了文明4301！
高维文明4227抹杀了低维文明1234!
高维文明4184抹杀了低维文明4228!
文明4184抹杀了文明4231！
文明4184抹杀了文明4240！
高维文明4184抹杀了低维文明4247!
高维文明4184抹杀了低维文明4248!
高维文明4184抹杀了低维文明4251!
高维文明4184抹杀了低维文明4262!
文明4184抹杀了文明4265！
文明4266抹杀了文明4184！
文明4267抹杀了文明4266！
高维文明3122抹杀了低维文明4286!
文明4282抹杀了文明4288！
高维文明4290抹杀了低维文明4282!
高维文明4290抹杀了低维文明4296!
高维文明4290抹杀了低维文明4305!
高维文明4290抹杀了低维文明4306!
文明4242抹杀了文明4310！
文明4290抹杀了文明4311！
高维文明4290抹杀了低维文明4312!
高维文明4290抹杀了低维文明4313!
高维文明4290抹杀了低维文明4319!
高维文明4290抹杀了低维文明4320!
高维文明4290抹杀了低维文明4325!
高维文明4290抹杀了低维文明4328!
高维文明4290抹杀了低维文明4333!
文明4290抹杀了文明4338！
高维文明4290抹杀了低维文明4341!
高维文明4290抹杀了低维文明4346!
高维文明1804抹杀了低维文明4355!
高维文明4290抹杀了低维文明4357!
文明4290抹杀了文明4358！
高维文明4290抹杀了低维文明4372!
高维文明4290抹杀了低维文明4375!
文明4290抹杀了文明4377！
高维文明4290抹杀了低维文明4378!
高维文明4290抹杀了低维文明4384!
文明4290抹杀了文明4387！
高维文明4290抹杀了低维文明4391!
高维文明4290抹杀了低维文明4394!
高维文明4290抹杀了低维文明4396!
文明4290抹杀了文明4398！
高维文明4403抹杀了低维文明4755!
文明4403抹杀了文明4290！
文明4404抹杀了文明4219！
高维文明4403抹杀了低维文明4406!
高维文明4403抹杀了低维文明4409!
高维文明4403抹杀了低维文明4419!
高维文明4403抹杀了低维文明4420!
文明4403抹杀了文明4423！
文明4403抹杀了文明4424！
高维文明4431抹杀了低维文明4435!
文明4443抹杀了文明4431！
文明4466抹杀了文明4477！
文明4480抹杀了文明4479！
文明4483抹杀了文明4481！
文明4485抹杀了文明4484！
高维文明4494抹杀了低维文明3473!
高维文明4506抹杀了低维文明2104!
高维文明4511抹杀了低维文明4496!
文明4519抹杀了文明4511！
高维文明4519抹杀了低维文明4520!
高维文明4519抹杀了低维文明4526!
高维文明4519抹杀了低维文明4532!
文明4519抹杀了文明4538！
高维文明4519抹杀了低维文明4549!
高维文明4519抹杀了低维文明4550!
高维文明4519抹杀了低维文明4559!
高维文明4519抹杀了低维文明4572!
文明4519抹杀了文明4584！
高维文明4519抹杀了低维文明4592!
高维文明1694抹杀了低维文明4600!
文明4519抹杀了文明4601！
高维文明4519抹杀了低维文明4604!
高维文明4609抹杀了低维文明959!
高维文明4519抹杀了低维文明4619!
文明4620抹杀了文明3103！
高维文明4519抹杀了低维文明4621!
高维文明4519抹杀了低维文明4626!
文明4519抹杀了文明4634！
文明4638抹杀了文明4519！
高维文明4638抹杀了低维文明4640!
高维文明4638抹杀了低维文明4642!
高维文明4638抹杀了低维文明4651!
高维文明4638抹杀了低维文明4653!
高维文明4638抹杀了低维文明4656!
高维文明4638抹杀了低维文明4665!
高维文明4638抹杀了低维文明4670!
高维文明4675抹杀了低维文明2300!
文明4638抹杀了文明4682！
高维文明4638抹杀了低维文明4687!
高维文明4638抹杀了低维文明4688!
高维文明4638抹杀了低维文明4695!
文明4638抹杀了文明4699！
文明4638抹杀了文明4700！
高维文明4638抹杀了低维文明4701!
文明4638抹杀了文明4702！
高维文明4638抹杀了低维文明4707!
高维文明4638抹杀了低维文明4709!
高维文明4710抹杀了低维文明677!
高维文明4638抹杀了低维文明4712!
高维文明4638抹杀了低维文明4714!
高维文明4638抹杀了低维文明4719!
高维文明4638抹杀了低维文明4720!
高维文明4638抹杀了低维文明4721!
高维文明4638抹杀了低维文明4722!
文明4638抹杀了文明4724！
文明4638与文明4725同归于尽！
高维文明4739抹杀了低维文明4732!
高维文明4739抹杀了低维文明4741!
高维文明4739抹杀了低维文明4742!
高维文明4739抹杀了低维文明4745!
文明2608抹杀了文明4746！
高维文明4739抹杀了低维文明4749!
高维文明4739抹杀了低维文明4759!
高维文明4739抹杀了低维文明4761!
文明4739抹杀了文明4766！
高维文明4739抹杀了低维文明4769!
高维文明4739抹杀了低维文明4777!
文明4739抹杀了文明4778！
高维文明4739抹杀了低维文明4784!
文明4739抹杀了文明4790！
高维文明4739抹杀了低维文明4800!
文明4739抹杀了文明4801！
高维文明4739抹杀了低维文明4802!
文明4739抹杀了文明4807！
文明4739抹杀了文明4808！
高维文明4739抹杀了低维文明4811!
高维文明4739抹杀了低维文明4815!
高维文明4739抹杀了低维文明4816!
文明4739抹杀了文明4817！
高维文明4818抹杀了低维文明332!
高维文明4739抹杀了低维文明4819!
文明4739抹杀了文明4823！
文明4824抹杀了文明4739！
高维文明4824抹杀了低维文明4826!
文明611抹杀了文明4827！
高维文明4824抹杀了低维文明4829!
高维文明4824抹杀了低维文明4830!
文明4824抹杀了文明4831！
高维文明4824抹杀了低维文明4838!
高维文明1365抹杀了低维文明4843!
高维文明4824抹杀了低维文明4845!
高维文明4824抹杀了低维文明4850!
高维文明4824抹杀了低维文明4852!
高维文明4824抹杀了低维文明4853!
高维文明4824抹杀了低维文明4855!
高维文明4824抹杀了低维文明4858!
高维文明4824抹杀了低维文明4859!
高维文明4824抹杀了低维文明4861!
高维文明4824抹杀了低维文明4862!
高维文明4824抹杀了低维文明4864!
高维文明4824抹杀了低维文明4867!
高维文明4824抹杀了低维文明4869!
文明4824抹杀了文明4870！
文明4824与文明4874同归于尽！
文明4887抹杀了文明4883！
高维文明4888抹杀了低维文明4887!
高维文明4891抹杀了低维文明700!
文明4888抹杀了文明4892！
高维文明4888抹杀了低维文明4893!
高维文明4888抹杀了低维文明4894!
高维文明4888抹杀了低维文明4896!
高维文明4901抹杀了低维文明2961!
高维文明4888抹杀了低维文明4902!
高维文明4888抹杀了低维文明4906!
高维文明4888抹杀了低维文明4910!
高维文明4888抹杀了低维文明4914!
文明4888抹杀了文明4917！
高维文明4924抹杀了低维文明1482!
文明4888抹杀了文明4925！
文明4888抹杀了文明4928！
高维文明4888抹杀了低维文明4934!
高维文明4888抹杀了低维文明4937!
文明4888抹杀了文明4938！
文明4888抹杀了文明4940！
高维文明4888抹杀了低维文明4941!
高维文明4888抹杀了低维文明4942!
文明4888抹杀了文明4944！
文明4888与文明4948同归于尽！
高维文明4953抹杀了低维文明4952!
高维文明4958抹杀了低维文明4955!
高维文明4966抹杀了低维文明4964!
文明4966抹杀了文明4968！
高维文明4966抹杀了低维文明4971!
文明4966抹杀了文明4974！
文明4966抹杀了文明4975！
高维文明4966抹杀了低维文明4979!
高维文明4966抹杀了低维文明4981!
文明4966抹杀了文明4984！
高维文明4966抹杀了低维文明4986!
高维文明4966抹杀了低维文明4987!
文明4966抹杀了文明4988！
文明4966抹杀了文明4990！
文明4991抹杀了文明1549！
恭喜文明8成为2级文明
恭喜文明9成为2级文明
恭喜文明10成为2级文明
恭喜文明16成为2级文明
恭喜文明19成为2级文明
恭喜文明21成为3级文明
恭喜文明24成为2级文明
恭喜文明51成为2级文明
恭喜文明55成为2级文明
恭喜文明60成为2级文明
恭喜文明71成为2级文明
恭喜文明74成为2级文明
恭喜文明85成为2级文明
恭喜文明86成为2级文明
恭喜文明99成为2级文明
恭喜文明103成为2级文明
恭喜文明104成为2级文明
恭喜文明106成为2级文明
恭喜文明116成为2级文明
恭喜文明117成为3级文明
恭喜文明121成为2级文明
恭喜文明149成为2级文明
恭喜文明151成为2级文明
恭喜文明153成为2级文明
恭喜文明154成为2级文明
恭喜文明161成为2级文明
恭喜文明174成为2级文明
恭喜文明183成为3级文明
恭喜文明190成为2级文明
恭喜文明195成为2级文明
恭喜文明198成为2级文明
恭喜文明199成为2级文明
恭喜文明207成为2级文明
恭喜文明226成为2级文明
恭喜文明227成为2级文明
恭喜文明229成为3级文明
恭喜文明233成为2级文明
恭喜文明239成为2级文明
恭喜文明241成为2级文明
恭喜文明245成为3级文明
恭喜文明248成为2级文明
恭喜文明251成为2级文明
恭喜文明256成为2级文明
恭喜文明265成为3级文明
恭喜文明269成为2级文明
恭喜文明289成为2级文明
恭喜文明292成为2级文明
恭喜文明297成为2级文明
恭喜文明301成为2级文明
恭喜文明304成为2级文明
恭喜文明325成为2级文明
恭喜文明327成为2级文明
恭喜文明329成为2级文明
恭喜文明351成为2级文明
恭喜文明357成为2级文明
恭喜文明367成为2级文明
恭喜文明376成为2级文明
恭喜文明392成为2级文明
恭喜文明395成为2级文明
恭喜文明396成为2级文明
恭喜文明404成为2级文明
恭喜文明409成为2级文明
恭喜文明410成为2级文明
恭喜文明429成为3级文明
恭喜文明434成为2级文明
恭喜文明440成为2级文明
恭喜文明445成为2级文明
恭喜文明450成为2级文明
恭喜文明459成为2级文明
恭喜文明486成为3级文明
恭喜文明490成为2级文明
恭喜文明495成为2级文明
恭喜文明497成为2级文明
恭喜文明510成为2级文明
恭喜文明527成为2级文明
恭喜文明530成为2级文明
恭喜文明536成为2级文明
恭喜文明537成为2级文明
恭喜文明543成为2级文明
恭喜文明546成为2级文明
恭喜文明556成为2级文明
恭喜文明560成为2级文明
恭喜文明573成为2级文明
恭喜文明576成为3级文明
恭喜文明577成为2级文明
恭喜文明580成为2级文明
恭喜文明583成为2级文明
恭喜文明584成为2级文明
恭喜文明589成为2级文明
恭喜文明592成为2级文明
恭喜文明596成为2级文明
恭喜文明597成为2级文明
恭喜文明601成为2级文明
恭喜文明604成为2级文明
恭喜文明611成为2级文明
恭喜文明612成为2级文明
恭喜文明615成为2级文明
恭喜文明619成为2级文明
恭喜文明622成为2级文明
恭喜文明623成为2级文明
恭喜文明635成为2级文明
恭喜文明636成为2级文明
恭喜文明651成为2级文明
恭喜文明660成为4级文明
恭喜文明660成为5级文明
恭喜文明665成为3级文明
恭喜文明666成为2级文明
恭喜文明670成为2级文明
恭喜文明687成为2级文明
恭喜文明694成为2级文明
恭喜文明704成为4级文明
恭喜文明705成为2级文明
恭喜文明711成为2级文明
恭喜文明720成为2级文明
恭喜文明732成为2级文明
恭喜文明738成为2级文明
恭喜文明739成为2级文明
恭喜文明745成为2级文明
恭喜文明746成为2级文明
恭喜文明757成为2级文明
恭喜文明760成为3级文明
恭喜文明762成为2级文明
恭喜文明763成为2级文明
恭喜文明772成为2级文明
恭喜文明788成为2级文明
恭喜文明793成为2级文明
恭喜文明795成为2级文明
恭喜文明801成为2级文明
恭喜文明802成为2级文明
恭喜文明834成为3级文明
恭喜文明844成为2级文明
恭喜文明884成为2级文明
恭喜文明886成为2级文明
恭喜文明899成为2级文明
恭喜文明901成为2级文明
恭喜文明904成为2级文明
恭喜文明917成为2级文明
恭喜文明918成为2级文明
恭喜文明919成为2级文明
恭喜文明922成为2级文明
恭喜文明924成为3级文明
恭喜文明934成为2级文明
恭喜文明954成为2级文明
恭喜文明968成为2级文明
恭喜文明969成为2级文明
恭喜文明976成为2级文明
恭喜文明979成为2级文明
恭喜文明981成为2级文明
恭喜文明993成为2级文明
恭喜文明1001成为2级文明
恭喜文明1002成为2级文明
恭喜文明1007成为2级文明
恭喜文明1011成为2级文明
恭喜文明1025成为2级文明
恭喜文明1026成为2级文明
恭喜文明1032成为2级文明
恭喜文明1038成为3级文明
恭喜文明1055成为2级文明
恭喜文明1068成为2级文明
恭喜文明1071成为2级文明
恭喜文明1082成为2级文明
恭喜文明1106成为2级文明
恭喜文明1119成为2级文明
恭喜文明1133成为2级文明
恭喜文明1134成为2级文明
恭喜文明1145成为2级文明
恭喜文明1148成为2级文明
恭喜文明1160成为2级文明
恭喜文明1162成为2级文明
恭喜文明1180成为2级文明
恭喜文明1190成为2级文明
恭喜文明1202成为2级文明
恭喜文明1204成为2级文明
恭喜文明1205成为3级文明
恭喜文明1213成为2级文明
恭喜文明1219成为2级文明
恭喜文明1220成为2级文明
恭喜文明1226成为2级文明
恭喜文明1248成为2级文明
恭喜文明1258成为2级文明
恭喜文明1271成为2级文明
恭喜文明1277成为2级文明
恭喜文明1278成为2级文明
恭喜文明1284成为2级文明
恭喜文明1288成为2级文明
恭喜文明1290成为2级文明
恭喜文明1303成为2级文明
恭喜文明1321成为2级文明
恭喜文明1325成为2级文明
恭喜文明1326成为2级文明
恭喜文明1341成为2级文明
恭喜文明1349成为2级文明
恭喜文明1352成为2级文明
恭喜文明1360成为2级文明
恭喜文明1374成为2级文明
恭喜文明1383成为2级文明
恭喜文明1401成为3级文明
恭喜文明1407成为2级文明
恭喜文明1410成为2级文明
恭喜文明1417成为2级文明
恭喜文明1423成为2级文明
恭喜文明1431成为2级文明
恭喜文明1433成为2级文明
恭喜文明1437成为3级文明
恭喜文明1438成为2级文明
恭喜文明1440成为2级文明
恭喜文明1446成为2级文明
恭喜文明1452成为2级文明
恭喜文明1470成为2级文明
恭喜文明1477成为2级文明
恭喜文明1481成为3级文明
恭喜文明1511成为2级文明
恭喜文明1518成为2级文明
恭喜文明1529成为2级文明
恭喜文明1539成为2级文明
恭喜文明1551成为2级文明
恭喜文明1553成为2级文明
恭喜文明1578成为2级文明
恭喜文明1582成为3级文明
恭喜文明1592成为2级文明
恭喜文明1605成为2级文明
恭喜文明1609成为2级文明
恭喜文明1615成为2级文明
恭喜文明1626成为2级文明
恭喜文明1634成为2级文明
恭喜文明1644成为2级文明
恭喜文明1660成为2级文明
恭喜文明1661成为2级文明
恭喜文明1663成为2级文明
恭喜文明1681成为2级文明
恭喜文明1685成为2级文明
恭喜文明1686成为2级文明
恭喜文明1694成为3级文明
恭喜文明1718成为2级文明
恭喜文明1722成为2级文明
恭喜文明1729成为2级文明
恭喜文明1736成为2级文明
恭喜文明1753成为2级文明
恭喜文明1775成为2级文明
恭喜文明1786成为2级文明
恭喜文明1789成为2级文明
恭喜文明1801成为2级文明
恭喜文明1804成为3级文明
恭喜文明1805成为2级文明
恭喜文明1810成为2级文明
恭喜文明1822成为2级文明
恭喜文明1827成为2级文明
恭喜文明1829成为2级文明
恭喜文明1852成为2级文明
恭喜文明1853成为2级文明
恭喜文明1855成为2级文明
恭喜文明1870成为2级文明
恭喜文明1878成为2级文明
恭喜文明1926成为2级文明
恭喜文明1931成为2级文明
恭喜文明1935成为2级文明
恭喜文明1938成为2级文明
恭喜文明1949成为2级文明
恭喜文明1955成为2级文明
恭喜文明1960成为2级文明
恭喜文明1964成为3级文明
恭喜文明1984成为2级文明
恭喜文明1986成为2级文明
恭喜文明1990成为2级文明
恭喜文明2015成为3级文明
恭喜文明2028成为2级文明
恭喜文明2032成为2级文明
恭喜文明2037成为2级文明
恭喜文明2053成为2级文明
恭喜文明2065成为2级文明
恭喜文明2068成为2级文明
恭喜文明2073成为2级文明
恭喜文明2084成为2级文明
恭喜文明2091成为2级文明
恭喜文明2110成为2级文明
恭喜文明2112成为2级文明
恭喜文明2113成为2级文明
恭喜文明2123成为2级文明
恭喜文明2137成为2级文明
恭喜文明2156成为2级文明
恭喜文明2161成为2级文明
恭喜文明2170成为2级文明
恭喜文明2204成为2级文明
恭喜文明2216成为2级文明
恭喜文明2218成为2级文明
恭喜文明2232成为2级文明
恭喜文明2238成为2级文明
恭喜文明2243成为2级文明
恭喜文明2246成为2级文明
恭喜文明2250成为2级文明
恭喜文明2253成为2级文明
恭喜文明2262成为2级文明
恭喜文明2263成为3级文明
恭喜文明2276成为2级文明
恭喜文明2288成为2级文明
恭喜文明2290成为2级文明
恭喜文明2295成为2级文明
恭喜文明2297成为2级文明
恭喜文明2311成为2级文明
恭喜文明2323成为2级文明
恭喜文明2324成为2级文明
恭喜文明2325成为2级文明
恭喜文明2351成为2级文明
恭喜文明2357成为2级文明
恭喜文明2371成为2级文明
恭喜文明2379成为2级文明
恭喜文明2382成为2级文明
恭喜文明2415成为2级文明
恭喜文明2423成为2级文明
恭喜文明2453成为4级文明
恭喜文明2453成为5级文明
恭喜文明2456成为2级文明
恭喜文明2460成为2级文明
恭喜文明2465成为2级文明
恭喜文明2467成为2级文明
恭喜文明2468成为3级文明
恭喜文明2471成为2级文明
恭喜文明2480成为2级文明
恭喜文明2485成为2级文明
恭喜文明2489成为2级文明
恭喜文明2523成为2级文明
恭喜文明2525成为2级文明
恭喜文明2527成为2级文明
恭喜文明2538成为2级文明
恭喜文明2556成为2级文明
恭喜文明2560成为2级文明
恭喜文明2564成为3级文明
恭喜文明2565成为2级文明
恭喜文明2579成为2级文明
恭喜文明2588成为2级文明
恭喜文明2595成为3级文明
恭喜文明2595成为4级文明
恭喜文明2605成为2级文明
恭喜文明2608成为2级文明
恭喜文明2609成为2级文明
恭喜文明2614成为2级文明
恭喜文明2615成为2级文明
恭喜文明2617成为3级文明
恭喜文明2620成为2级文明
恭喜文明2623成为2级文明
恭喜文明2641成为3级文明
恭喜文明2649成为2级文明
恭喜文明2665成为2级文明
恭喜文明2671成为2级文明
恭喜文明2687成为2级文明
恭喜文明2690成为3级文明
恭喜文明2693成为3级文明
恭喜文明2693成为4级文明
恭喜文明2698成为2级文明
恭喜文明2710成为2级文明
恭喜文明2727成为2级文明
恭喜文明2741成为2级文明
恭喜文明2784成为3级文明
恭喜文明2789成为2级文明
恭喜文明2796成为2级文明
恭喜文明2799成为2级文明
恭喜文明2801成为2级文明
恭喜文明2804成为2级文明
恭喜文明2805成为2级文明
恭喜文明2809成为2级文明
恭喜文明2816成为2级文明
恭喜文明2817成为2级文明
恭喜文明2829成为2级文明
恭喜文明2834成为2级文明
恭喜文明2843成为2级文明
恭喜文明2860成为2级文明
恭喜文明2871成为3级文明
恭喜文明2883成为2级文明
恭喜文明2885成为2级文明
恭喜文明2903成为2级文明
恭喜文明2907成为2级文明
恭喜文明2921成为2级文明
恭喜文明2933成为3级文明
恭喜文明2936成为2级文明
恭喜文明2937成为2级文明
恭喜文明2951成为2级文明
恭喜文明2956成为2级文明
恭喜文明2957成为2级文明
恭喜文明2992成为3级文明
恭喜文明3001成为2级文明
恭喜文明3012成为2级文明
恭喜文明3017成为2级文明
恭喜文明3025成为2级文明
恭喜文明3030成为2级文明
恭喜文明3031成为2级文明
恭喜文明3036成为2级文明
恭喜文明3042成为3级文明
恭喜文明3046成为2级文明
恭喜文明3049成为2级文明
恭喜文明3081成为2级文明
恭喜文明3084成为2级文明
恭喜文明3112成为2级文明
恭喜文明3122成为3级文明
恭喜文明3123成为2级文明
恭喜文明3135成为2级文明
恭喜文明3138成为2级文明
恭喜文明3144成为2级文明
恭喜文明3145成为2级文明
恭喜文明3149成为3级文明
恭喜文明3149成为4级文明
恭喜文明3151成为2级文明
恭喜文明3153成为3级文明
恭喜文明3170成为2级文明
恭喜文明3177成为2级文明
恭喜文明3186成为2级文明
恭喜文明3195成为2级文明
恭喜文明3196成为2级文明
恭喜文明3215成为3级文明
恭喜文明3224成为3级文明
恭喜文明3236成为2级文明
恭喜文明3237成为2级文明
恭喜文明3239成为2级文明
恭喜文明3254成为2级文明
恭喜文明3255成为2级文明
恭喜文明3280成为2级文明
恭喜文明3283成为3级文明
恭喜文明3289成为2级文明
恭喜文明3291成为2级文明
恭喜文明3316成为2级文明
恭喜文明3317成为2级文明
恭喜文明3329成为3级文明
恭喜文明3329成为4级文明
恭喜文明3332成为2级文明
恭喜文明3335成为2级文明
恭喜文明3337成为2级文明
恭喜文明3349成为2级文明
恭喜文明3350成为2级文明
恭喜文明3364成为2级文明
恭喜文明3384成为2级文明
恭喜文明3390成为2级文明
恭喜文明3399成为2级文明
恭喜文明3410成为2级文明
恭喜文明3412成为2级文明
恭喜文明3427成为2级文明
恭喜文明3436成为2级文明
恭喜文明3437成为2级文明
恭喜文明3442成为2级文明
恭喜文明3458成为2级文明
恭喜文明3467成为3级文明
恭喜文明3482成为2级文明
恭喜文明3487成为2级文明
恭喜文明3504成为3级文明
恭喜文明3508成为2级文明
恭喜文明3510成为2级文明
恭喜文明3515成为2级文明
恭喜文明3520成为2级文明
恭喜文明3523成为2级文明
恭喜文明3535成为2级文明
恭喜文明3543成为2级文明
恭喜文明3544成为2级文明
恭喜文明3572成为2级文明
恭喜文明3591成为2级文明
恭喜文明3595成为2级文明
恭喜文明3601成为2级文明
恭喜文明3606成为2级文明
恭喜文明3613成为2级文明
恭喜文明3624成为2级文明
恭喜文明3625成为2级文明
恭喜文明3628成为3级文明
恭喜文明3630成为2级文明
恭喜文明3633成为2级文明
恭喜文明3642成为2级文明
恭喜文明3652成为3级文明
恭喜文明3660成为2级文明
恭喜文明3679成为2级文明
恭喜文明3680成为2级文明
恭喜文明3694成为2级文明
恭喜文明3695成为2级文明
恭喜文明3696成为2级文明
恭喜文明3701成为2级文明
恭喜文明3704成为2级文明
恭喜文明3718成为2级文明
恭喜文明3719成为2级文明
恭喜文明3758成为2级文明
恭喜文明3765成为3级文明
恭喜文明3771成为3级文明
恭喜文明3787成为2级文明
恭喜文明3818成为2级文明
恭喜文明3827成为2级文明
恭喜文明3829成为2级文明
恭喜文明3836成为2级文明
恭喜文明3839成为2级文明
恭喜文明3847成为2级文明
恭喜文明3857成为2级文明
恭喜文明3859成为2级文明
恭喜文明3876成为2级文明
恭喜文明3881成为2级文明
恭喜文明3883成为2级文明
恭喜文明3888成为2级文明
恭喜文明3900成为2级文明
恭喜文明3903成为2级文明
恭喜文明3927成为2级文明
恭喜文明3942成为3级文明
恭喜文明3957成为2级文明
恭喜文明3970成为2级文明
恭喜文明3974成为2级文明
恭喜文明3991成为2级文明
恭喜文明3992成为2级文明
恭喜文明3998成为2级文明
恭喜文明3999成为2级文明
恭喜文明4003成为2级文明
恭喜文明4006成为2级文明
恭喜文明4013成为3级文明
恭喜文明4023成为2级文明
恭喜文明4060成为2级文明
恭喜文明4075成为2级文明
恭喜文明4083成为2级文明
恭喜文明4102成为2级文明
恭喜文明4103成为2级文明
恭喜文明4113成为2级文明
恭喜文明4115成为2级文明
恭喜文明4117成为3级文明
恭喜文明4121成为3级文明
恭喜文明4124成为2级文明
恭喜文明4127成为4级文明
恭喜文明4131成为2级文明
恭喜文明4136成为2级文明
恭喜文明4141成为3级文明
恭喜文明4144成为2级文明
恭喜文明4146成为3级文明
恭喜文明4147成为2级文明
恭喜文明4148成为2级文明
恭喜文明4150成为2级文明
恭喜文明4153成为2级文明
恭喜文明4156成为3级文明
恭喜文明4158成为2级文明
恭喜文明4167成为2级文明
恭喜文明4168成为2级文明
恭喜文明4175成为4级文明
恭喜文明4181成为2级文明
恭喜文明4183成为3级文明
恭喜文明4185成为3级文明
恭喜文明4187成为2级文明
恭喜文明4190成为3级文明
恭喜文明4194成为2级文明
恭喜文明4195成为2级文明
恭喜文明4196成为2级文明
恭喜文明4215成为2级文明
恭喜文明4216成为2级文明
恭喜文明4224成为2级文明
恭喜文明4227成为3级文明
恭喜文明4232成为2级文明
恭喜文明4233成为2级文明
恭喜文明4242成为2级文明
恭喜文明4259成为2级文明
恭喜文明4267成为3级文明
恭喜文明4267成为4级文明
恭喜文明4273成为2级文明
恭喜文明4275成为2级文明
恭喜文明4277成为2级文明
恭喜文明4292成为2级文明
恭喜文明4293成为2级文明
恭喜文明4294成为2级文明
恭喜文明4298成为2级文明
恭喜文明4302成为3级文明
恭喜文明4315成为2级文明
恭喜文明4317成为2级文明
恭喜文明4349成为2级文明
恭喜文明4369成为2级文明
恭喜文明4376成为2级文明
恭喜文明4400成为2级文明
恭喜文明4402成为2级文明
恭喜文明4403成为3级文明
恭喜文明4403成为4级文明
恭喜文明4404成为2级文明
恭喜文明4433成为2级文明
恭喜文明4443成为3级文明
恭喜文明4452成为2级文明
恭喜文明4466成为2级文明
恭喜文明4468成为2级文明
恭喜文明4471成为2级文明
恭喜文明4480成为2级文明
恭喜文明4482成为2级文明
恭喜文明4483成为2级文明
恭喜文明4485成为2级文明
恭喜文明4487成为2级文明
恭喜文明4488成为2级文明
恭喜文明4492成为2级文明
恭喜文明4493成为2级文明
恭喜文明4494成为3级文明
恭喜文明4495成为2级文明
恭喜文明4506成为3级文明
恭喜文明4510成为2级文明
恭喜文明4516成为2级文明
恭喜文明4542成为2级文明
恭喜文明4557成为2级文明
恭喜文明4560成为2级文明
恭喜文明4563成为2级文明
恭喜文明4564成为2级文明
恭喜文明4566成为2级文明
恭喜文明4569成为2级文明
恭喜文明4579成为2级文明
恭喜文明4582成为2级文明
恭喜文明4586成为2级文明
恭喜文明4589成为2级文明
恭喜文明4606成为2级文明
恭喜文明4611成为2级文明
恭喜文明4620成为2级文明
恭喜文明4622成为2级文明
恭喜文明4623成为2级文明
恭喜文明4636成为2级文明
恭喜文明4637成为2级文明
恭喜文明4643成为2级文明
恭喜文明4644成为2级文明
恭喜文明4654成为2级文明
恭喜文明4675成为3级文明
恭喜文明4684成为2级文明
恭喜文明4689成为2级文明
恭喜文明4705成为2级文明
恭喜文明4710成为3级文明
恭喜文明4717成为2级文明
恭喜文明4736成为2级文明
恭喜文明4743成为2级文明
恭喜文明4751成为2级文明
恭喜文明4756成为2级文明
恭喜文明4762成为2级文明
恭喜文明4765成为3级文明
恭喜文明4772成为2级文明
恭喜文明4792成为2级文明
恭喜文明4806成为2级文明
恭喜文明4810成为2级文明
恭喜文明4814成为2级文明
恭喜文明4818成为3级文明
恭喜文明4820成为2级文明
恭喜文明4822成为2级文明
恭喜文明4847成为2级文明
恭喜文明4868成为2级文明
恭喜文明4878成为2级文明
恭喜文明4880成为2级文明
恭喜文明4882成为2级文明
恭喜文明4898成为2级文明
恭喜文明4899成为2级文明
恭喜文明4901成为3级文明
恭喜文明4919成为2级文明
恭喜文明4920成为2级文明
恭喜文明4923成为2级文明
恭喜文明4924成为3级文明
恭喜文明4931成为2级文明
恭喜文明4936成为2级文明
恭喜文明4947成为2级文明
恭喜文明4950成为2级文明
恭喜文明4954成为2级文明
恭喜文明4958成为3级文明
恭喜文明4959成为2级文明
恭喜文明4963成为2级文明
恭喜文明4966成为3级文明
恭喜文明4966成为4级文明
恭喜文明4976成为2级文明
恭喜文明4985成为2级文明
恭喜文明4991成为2级文明
恭喜文明4995成为2级文明
恭喜文明4997成为2级文明
剩余文明数量：2951

第5回合：
高维文明5抹杀了低维文明3678!
高维文明24抹杀了低维文明17!
高维文明327抹杀了低维文明40!
高维文明3496抹杀了低维文明42!
高维文明24抹杀了低维文明49!
文明24抹杀了文明60！
文明24抹杀了文明63！
文明24抹杀了文明69！
文明24抹杀了文明78！
高维文明24抹杀了低维文明84!
文明24抹杀了文明86！
文明87抹杀了文明24！
高维文明87抹杀了低维文明91!
高维文明87抹杀了低维文明92!
高维文明87抹杀了低维文明102!
文明87抹杀了文明104！
文明106抹杀了文明87！
文明106抹杀了文明110！
高维文明106抹杀了低维文明111!
高维文明117抹杀了低维文明106!
高维文明174抹杀了低维文明169!
高维文明175抹杀了低维文明4748!
高维文明174抹杀了低维文明176!
高维文明174抹杀了低维文明177!
文明174抹杀了文明181！
高维文明183抹杀了低维文明174!
高维文明195抹杀了低维文明194!
高维文明207抹杀了低维文明203!
文明3145抹杀了文明223！
高维文明229抹杀了低维文明4272!
文明233抹杀了文明235！
高维文明237抹杀了低维文明442!
高维文明241抹杀了低维文明2685!
高维文明245抹杀了低维文明1890!
高维文明251抹杀了低维文明4905!
高维文明237抹杀了低维文明257!
高维文明237抹杀了低维文明259!
高维文明265抹杀了低维文明237!
文明274抹杀了文明267！
文明274抹杀了文明275！
高维文明278抹杀了低维文明274!
文明278抹杀了文明280！
文明278抹杀了文明285！
文明2424抹杀了文明289！
高维文明278抹杀了低维文明300!
文明278抹杀了文明301！
文明314抹杀了文明320！
文明314抹杀了文明327！
高维文明314抹杀了低维文明330!
高维文明314抹杀了低维文明341!
文明314抹杀了文明350！
文明314抹杀了文明351！
文明4478抹杀了文明354！
高维文明370抹杀了低维文明388!
高维文明370抹杀了低维文明390!
文明370抹杀了文明391！
高维文明392抹杀了低维文明2922!
文明402抹杀了文明395！
高维文明419抹杀了低维文明414!
高维文明434抹杀了低维文明435!
高维文明4643抹杀了低维文明438!
文明445抹杀了文明434！
高维文明445抹杀了低维文明447!
文明452抹杀了文明1759！
高维文明445抹杀了低维文明460!
高维文明445抹杀了低维文明465!
高维文明445抹杀了低维文明467!
文明445抹杀了文明469！
文明445与文明474同归于尽！
高维文明480抹杀了低维文明475!
高维文明486抹杀了低维文明481!
高维文明490抹杀了低维文明488!
高维文明495抹杀了低维文明493!
高维文明497抹杀了低维文明501!
高维文明497抹杀了低维文明504!
文明497抹杀了文明507！
文明510抹杀了文明497！
高维文明510抹杀了低维文明514!
高维文明510抹杀了低维文明521!
高维文明522抹杀了低维文明510!
高维文明537抹杀了低维文明532!
文明546抹杀了文明1036！
文明551抹杀了文明558！
文明559抹杀了文明551！
高维文明563抹杀了低维文明559!
高维文明563抹杀了低维文明565!
高维文明563抹杀了低维文明566!
文明563抹杀了文明581！
高维文明3407抹杀了低维文明586!
文明563抹杀了文明588！
文明563与文明590同归于尽！
文明4743抹杀了文明597！
文明600抹杀了文明602！
高维文明604抹杀了低维文明600!
高维文明612抹杀了低维文明4731!
高维文明623抹杀了低维文明610!
高维文明2411抹杀了低维文明627!
高维文明623抹杀了低维文明631!
文明623抹杀了文明635！
文明623抹杀了文明643！
高维文明623抹杀了低维文明646!
文明623抹杀了文明651！
高维文明665抹杀了低维文明623!
高维文明665抹杀了低维文明666!
高维文明665抹杀了低维文明667!
高维文明665抹杀了低维文明674!
高维文明665抹杀了低维文明678!
高维文明665抹杀了低维文明683!
高维文明665抹杀了低维文明686!
高维文明665抹杀了低维文明687!
高维文明665抹杀了低维文明690!
高维文明704抹杀了低维文明665!
高维文明711抹杀了低维文明717!
文明720抹杀了文明711！
文明732抹杀了文明720！
高维文明738抹杀了低维文明736!
文明747抹杀了文明2829！
高维文明759抹杀了低维文明749!
高维文明762抹杀了低维文明766!
高维文明762抹杀了低维文明768!
高维文明762抹杀了低维文明775!
高维文明762抹杀了低维文明778!
文明762抹杀了文明788！
文明762抹杀了文明793！
高维文明794抹杀了低维文明2861!
文明762抹杀了文明795！
高维文明4991抹杀了低维文明804!
文明810抹杀了文明413！
文明762抹杀了文明811！
文明762与文明816同归于尽！
文明822抹杀了文明826！
高维文明830抹杀了低维文明822!
文明830抹杀了文明836！
文明830抹杀了文明843！
高维文明830抹杀了低维文明857!
高维文明2465抹杀了低维文明864!
高维文明830抹杀了低维文明865!
文明830抹杀了文明866！
文明830抹杀了文明875！
文明882抹杀了文明830！
高维文明882抹杀了低维文明883!
高维文明882抹杀了低维文明891!
高维文明882抹杀了低维文明895!
文明882抹杀了文明904！
文明882抹杀了文明913！
高维文明882抹杀了低维文明914!
高维文明924抹杀了低维文明3315!
文明882抹杀了文明926！
文明882抹杀了文明948！
文明882抹杀了文明956！
文明882抹杀了文明969！
文明971抹杀了文明849！
高维文明882抹杀了低维文明972!
文明882抹杀了文明976！
文明981抹杀了文明882！
高维文明2985抹杀了低维文明989!
高维文明988抹杀了低维文明990!
文明988抹杀了文明993！
高维文明988抹杀了低维文明995!
高维文明988抹杀了低维文明996!
高维文明988抹杀了低维文明1000!
文明988抹杀了文明1002！
文明1010抹杀了文明988！
文明1010抹杀了文明1011！
文明1010抹杀了文明1055！
文明1010抹杀了文明1068！
文明1010与文明1081同归于尽！
高维文明1091抹杀了低维文明1084!
高维文明1091抹杀了低维文明1093!
文明1091抹杀了文明1106！
高维文明1091抹杀了低维文明1113!
高维文明1091抹杀了低维文明1117!
高维文明1091抹杀了低维文明1120!
文明1091抹杀了文明1121！
文明1091抹杀了文明1125！
高维文明1128抹杀了低维文明1208!
高维文明1091抹杀了低维文明1131!
文明1145抹杀了文明1141！
高维文明1148抹杀了低维文明3174!
文明1164抹杀了文明1148！
文明1164抹杀了文明1179！
文明1189抹杀了文明1183！
文明1189抹杀了文明1191！
高维文明1189抹杀了低维文明1194!
文明1189抹杀了文明1202！
高维文明1205抹杀了低维文明1189!
高维文明1205抹杀了低维文明1211!
高维文明1205抹杀了低维文明1212!
高维文明1205抹杀了低维文明1213!
高维文明1205抹杀了低维文明1219!
文明1220抹杀了文明4820！
高维文明1205抹杀了低维文明1226!
文明1205抹杀了文明1228！
高维文明1205抹杀了低维文明1267!
文明1269抹杀了文明3438！
文明1272抹杀了文明910！
高维文明1205抹杀了低维文明1278!
高维文明1205抹杀了低维文明1281!
高维文明1205抹杀了低维文明1284!
高维文明1205抹杀了低维文明1299!
高维文明1205抹杀了低维文明1301!
高维文明1303抹杀了低维文明4206!
高维文明1205抹杀了低维文明1312!
文明2456与文明1315同归于尽！
高维文明1205抹杀了低维文明1317!
高维文明1205抹杀了低维文明1321!
高维文明1205抹杀了低维文明1326!
高维文明1205抹杀了低维文明1328!
高维文明1205抹杀了低维文明1335!
高维文明1205抹杀了低维文明1339!
高维文明1205抹杀了低维文明1348!
文明1349抹杀了文明3938！
高维文明1352抹杀了低维文明608!
高维文明1205抹杀了低维文明1359!
高维文明1365抹杀了低维文明3002!
高维文明1205抹杀了低维文明1374!
高维文明1205抹杀了低维文明1375!
高维文明1205抹杀了低维文明1377!
高维文明1205抹杀了低维文明1382!
高维文明1383抹杀了低维文明2313!
文明1393抹杀了文明2734！
高维文明1407抹杀了低维文明2880!
高维文明1205抹杀了低维文明1407!
高维文明1205抹杀了低维文明1410!
高维文明1205抹杀了低维文明1412!
高维文明1205抹杀了低维文明1417!
高维文明1205抹杀了低维文明1429!
高维文明1205抹杀了低维文明1431!
高维文明1205抹杀了低维文明1436!
高维文明1437抹杀了低维文明3342!
高维文明1438抹杀了低维文明3534!
高维文明1205抹杀了低维文明1446!
高维文明1205抹杀了低维文明1453!
高维文明1205抹杀了低维文明1458!
高维文明1205抹杀了低维文明1459!
高维文明1205抹杀了低维文明1472!
高维文明1205抹杀了低维文明1543!
高维文明1205抹杀了低维文明1551!
高维文明670抹杀了低维文明1568!
高维文明1205抹杀了低维文明1575!
文明1578抹杀了文明4103！
高维文明1581抹杀了低维文明3988!
高维文明1437抹杀了低维文明1592!
高维文明1205抹杀了低维文明1640!
高维文明1205抹杀了低维文明1644!
高维文明1205抹杀了低维文明1655!
高维文明1205抹杀了低维文明1661!
高维文明1205抹杀了低维文明1663!
高维文明1205抹杀了低维文明1665!
文明3431抹杀了文明1669！
高维文明1205抹杀了低维文明1674!
高维文明1205抹杀了低维文明1677!
高维文明1205抹杀了低维文明1680!
高维文明1205抹杀了低维文明1681!
高维文明1205抹杀了低维文明1682!
高维文明1205抹杀了低维文明1685!
高维文明1205抹杀了低维文明1686!
高维文明1205抹杀了低维文明1690!
高维文明1205抹杀了低维文明1692!
文明1205抹杀了文明1694！
高维文明772抹杀了低维文明1698!
文明1205与文明1699同归于尽！
高维文明1701抹杀了低维文明1700!
文明1708抹杀了文明1706！
高维文明1722抹杀了低维文明2522!
高维文明1722抹杀了低维文明1708!
高维文明1729抹杀了低维文明4943!
高维文明2379抹杀了低维文明1744!
高维文明1722抹杀了低维文明1747!
高维文明1722抹杀了低维文明1748!
文明1722抹杀了文明1753！
高维文明1722抹杀了低维文明1764!
高维文明1722抹杀了低维文明1770!
文明1722抹杀了文明1775！
高维文明1722抹杀了低维文明1780!
高维文明1722抹杀了低维文明1792!
高维文明1722抹杀了低维文明1807!
高维文明1810抹杀了低维文明4324!
文明1722抹杀了文明1829！
文明1832抹杀了文明1722！
高维文明1582抹杀了低维文明1865!
文明706抹杀了文明1884！
高维文明2531抹杀了低维文明1885!
高维文明2351抹杀了低维文明1907!
高维文明1919抹杀了低维文明1914!
文明1926抹杀了文明1931！
高维文明1926抹杀了低维文明1932!
高维文明1926抹杀了低维文明1936!
文明1926抹杀了文明1937！
高维文明1938抹杀了低维文明4104!
高维文明1926抹杀了低维文明1939!
高维文明1926抹杀了低维文明1947!
文明1926抹杀了文明1949！
文明1979抹杀了文明195！
文明1926抹杀了文明1979！
文明1926抹杀了文明1984！
文明1926与文明1988同归于尽！
高维文明3839抹杀了低维文明1997!
文明1998抹杀了文明3497！
文明2002抹杀了文明2012！
高维文明2002抹杀了低维文明2013!
高维文明2015抹杀了低维文明2002!
高维文明2468抹杀了低维文明2050!
高维文明2053抹杀了低维文明2048!
高维文明2058抹杀了低维文明2066!
高维文明2068抹杀了低维文明4570!
文明2068抹杀了文明2058！
高维文明2070抹杀了低维文明2080!
文明4002抹杀了文明2086！
高维文明2084抹杀了低维文明2092!
文明2110抹杀了文明2084！
高维文明2149抹杀了低维文明2154!
文明2156抹杀了文明2149！
文明2168抹杀了文明2176！
高维文明2232抹杀了低维文明2178!
高维文明2184抹杀了低维文明2230!
文明2186抹杀了文明2168！
文明2186抹杀了文明2199！
高维文明2204抹杀了低维文明3790!
高维文明2209抹杀了低维文明2186!
文明2216抹杀了文明2209！
文明2231抹杀了文明315！
文明2246抹杀了文明4011！
文明2253抹杀了文明2241！
高维文明2257抹杀了低维文明2258!
高维文明2257抹杀了低维文明2259!
文明2257抹杀了文明2262！
高维文明2257抹杀了低维文明2266!
文明2257抹杀了文明2269！
文明2257抹杀了文明2276！
高维文明2660抹杀了低维文明2279!
高维文明2257抹杀了低维文明2280!
高维文明2288抹杀了低维文明4711!
文明2257抹杀了文明2290！
文明2257与文明2291同归于尽！
文明2294抹杀了文明2305！
高维文明2315抹杀了低维文明2294!
文明464抹杀了文明2316！
文明2315抹杀了文明2322！
文明2315抹杀了文明2328！
文明2315抹杀了文明2347！
文明2351抹杀了文明4196！
高维文明2315抹杀了低维文明2356!
高维文明2315抹杀了低维文明2368!
文明2315抹杀了文明2371！
高维文明2315抹杀了低维文明2378!
高维文明3215抹杀了低维文明2379!
高维文明2315抹杀了低维文明2381!
高维文明4147抹杀了低维文明2384!
文明2385抹杀了文明3706！
高维文明2315抹杀了低维文明2388!
高维文明2315抹杀了低维文明2402!
文明2409抹杀了文明2885！
文明2315抹杀了文明2409！
高维文明2315抹杀了低维文明2413!
文明2315抹杀了文明2414！
文明2421抹杀了文明2315！
高维文明2421抹杀了低维文明2422!
文明2421抹杀了文明2423！
高维文明2421抹杀了低维文明2427!
高维文明2421抹杀了低维文明2436!
高维文明2421抹杀了低维文明2443!
高维文明2421抹杀了低维文明2444!
高维文明2789抹杀了低维文明2459!
文明2421抹杀了文明2460！
高维文明2468抹杀了低维文明2421!
高维文明2468抹杀了低维文明2470!
高维文明2468抹杀了低维文明2471!
高维文明2468抹杀了低维文明2478!
高维文明2468抹杀了低维文明2480!
高维文明2468抹杀了低维文明2485!
高维文明2468抹杀了低维文明2507!
高维文明2468抹杀了低维文明2509!
高维文明75抹杀了低维文明2513!
高维文明2468抹杀了低维文明2518!
高维文明2468抹杀了低维文明2519!
高维文明2468抹杀了低维文明2521!
高维文明2468抹杀了低维文明2531!
高维文明2468抹杀了低维文明2535!
高维文明2468抹杀了低维文明2538!
高维文明2468抹杀了低维文明2539!
高维文明2468抹杀了低维文明2547!
高维文明2550抹杀了低维文明1276!
高维文明2468抹杀了低维文明2550!
高维文明2468抹杀了低维文明2554!
文明2556抹杀了文明3577！
高维文明2560抹杀了低维文明3807!
高维文明2468抹杀了低维文明2583!
高维文明2468抹杀了低维文明2588!
高维文明2468抹杀了低维文明2594!
高维文明2468抹杀了低维文明2599!
高维文明2468抹杀了低维文明2605!
高维文明2468抹杀了低维文明2647!
高维文明2468抹杀了低维文明2649!
高维文明2468抹杀了低维文明2657!
文明2468抹杀了文明2690！
高维文明2693抹杀了低维文明2468!
高维文明2693抹杀了低维文明2424!
文明2415抹杀了文明2706！
文明2713抹杀了文明4107！
文明2721抹杀了文明2711！
高维文明2725抹杀了低维文明2721!
文明2733抹杀了文明2736！
文明2742抹杀了文明2733！
高维文明2744抹杀了低维文明2742!
高维文明2744抹杀了低维文明2753!
文明2744抹杀了文明2757！
文明2744抹杀了文明2772！
高维文明2744抹杀了低维文明2777!
高维文明2744抹杀了低维文明2780!
高维文明2784抹杀了低维文明2744!
高维文明2793抹杀了低维文明1982!
高维文明2801抹杀了低维文明4382!
高维文明2802抹杀了低维文明2785!
文明2809抹杀了文明2805！
高维文明2813抹杀了低维文明4994!
文明2809抹杀了文明2815！
高维文明2817抹杀了低维文明3650!
文明2809抹杀了文明2820！
文明2824抹杀了文明1627！
高维文明2834抹杀了低维文明4821!
高维文明2809抹杀了低维文明2838!
文明2809抹杀了文明2841！
文明2843抹杀了文明2809！
文明2845抹杀了文明2846！
高维文明2871抹杀了低维文明2845!
文明2879抹杀了文明4465！
高维文明2883抹杀了低维文明2878!
文明2883抹杀了文明2900！
高维文明2903抹杀了低维文明1462!
高维文明2883抹杀了低维文明2916!
文明2883抹杀了文明2921！
高维文明2883抹杀了低维文明2923!
文明2883抹杀了文明2925！
高维文明2933抹杀了低维文明2883!
高维文明2936抹杀了低维文明2723!
高维文明2933抹杀了低维文明2939!
文明2942抹杀了文明4674！
高维文明2933抹杀了低维文明2950!
高维文明2933抹杀了低维文明2951!
高维文明2933抹杀了低维文明2952!
高维文明2933抹杀了低维文明2953!
高维文明2933抹杀了低维文明2956!
高维文明2933抹杀了低维文明2957!
高维文明2933抹杀了低维文明2982!
高维文明2933抹杀了低维文明2983!
高维文明2933抹杀了低维文明2985!
高维文明2933抹杀了低维文明2991!
高维文明2933抹杀了低维文明2995!
高维文明2933抹杀了低维文明3001!
高维文明2933抹杀了低维文明3004!
高维文明2933抹杀了低维文明3005!
高维文明4149抹杀了低维文明3007!
文明3010抹杀了文明2331！
高维文明2933抹杀了低维文明3012!
高维文明2933抹杀了低维文明3021!
高维文明3704抹杀了低维文明3024!
高维文明2933抹杀了低维文明3025!
高维文明2933抹杀了低维文明3027!
高维文明2933抹杀了低维文明3036!
高维文明2933抹杀了低维文明3040!
高维文明2933抹杀了低维文明3050!
高维文明2933抹杀了低维文明3057!
高维文明2933抹杀了低维文明3059!
高维文明4972抹杀了低维文明3060!
高维文明3069抹杀了低维文明3714!
高维文明2933抹杀了低维文明3069!
高维文明3084抹杀了低维文明4509!
高维文明4889抹杀了低维文明3086!
高维文明2933抹杀了低维文明3089!
高维文明2933抹杀了低维文明3109!
文明2933抹杀了文明3122！
文明2933与文明3123同归于尽！
高维文明3135抹杀了低维文明3134!
高维文明3135抹杀了低维文明3143!
高维文明3149抹杀了低维文明3135!
高维文明3167抹杀了低维文明3176!
高维文明325抹杀了低维文明3181!
文明3167抹杀了文明3186！
高维文明3167抹杀了低维文明3189!
高维文明3196抹杀了低维文明2946!
文明634抹杀了文明3198！
文明3167抹杀了文明3206！
文明3210抹杀了文明2825！
高维文明3215抹杀了低维文明3196!
高维文明3215抹杀了低维文明2793!
高维文明3167抹杀了低维文明3218!
高维文明3167抹杀了低维文明3230!
高维文明3167抹杀了低维文明3232!
文明3167抹杀了文明3236！
文明3167抹杀了文明3237！
文明3167与文明3242同归于尽！
高维文明3245抹杀了低维文明1728!
文明3251抹杀了文明3249！
高维文明3254抹杀了低维文明3251!
文明3255抹杀了文明3261！
高维文明3255抹杀了低维文明3278!
高维文明3255抹杀了低维文明3281!
高维文明3283抹杀了低维文明3255!
文明3304抹杀了文明3290！
文明3304抹杀了文明3313！
高维文明3316抹杀了低维文明3304!
高维文明3332抹杀了低维文明3331!
高维文明3332抹杀了低维文明4030!
文明3337抹杀了文明3335！
高维文明3337抹杀了低维文明3340!
高维文明3337抹杀了低维文明3347!
文明3337抹杀了文明3349！
高维文明3337抹杀了低维文明3353!
文明3337抹杀了文明3355！
高维文明4471抹杀了低维文明3361!
高维文明3337抹杀了低维文明3365!
高维文明3337抹杀了低维文明3368!
高维文明3337抹杀了低维文明3375!
高维文明3337抹杀了低维文明3379!
高维文明3337抹杀了低维文明3380!
文明3337抹杀了文明3386！
文明3337抹杀了文明3390！
文明3337抹杀了文明3396！
高维文明3337抹杀了低维文明3408!
高维文明3412抹杀了低维文明4848!
文明3337抹杀了文明3415！
文明3337与文明3419同归于尽！
高维文明3427抹杀了低维文明3424!
高维文明3436抹杀了低维文明3433!
高维文明3442抹杀了低维文明3441!
高维文明2295抹杀了低维文明3452!
高维文明3443抹杀了低维文明3463!
高维文明3467抹杀了低维文明2834!
高维文明3467抹杀了低维文明3458!
文明3443抹杀了文明3469！
文明3443抹杀了文明3474！
高维文明3443抹杀了低维文明3478!
文明3443抹杀了文明3482！
文明4354抹杀了文明3488！
高维文明3443抹杀了低维文明3493!
文明3443抹杀了文明3496！
文明3443抹杀了文明3515！
高维文明3443抹杀了低维文明3530!
文明3443抹杀了文明3542！
高维文明3443抹杀了低维文明3546!
高维文明3443抹杀了低维文明3558!
高维文明3561抹杀了低维文明4226!
文明3443抹杀了文明3571！
文明3576抹杀了文明3443！
高维文明3595抹杀了低维文明3594!
高维文明3606抹杀了低维文明1512!
文明3606抹杀了文明3595！
文明3606抹杀了文明3607！
高维文明4292抹杀了低维文明3608!
高维文明3606抹杀了低维文明3611!
文明4098抹杀了文明3617！
文明3625抹杀了文明3606！
高维文明3633抹杀了低维文明3635!
高维文明3633抹杀了低维文明3638!
文明3633抹杀了文明3642！
文明3633与文明3658同归于尽！
高维文明4947抹杀了低维文明3665!
文明3670抹杀了文明3660！
高维文明3670抹杀了低维文明3671!
文明3670抹杀了文明3680！
高维文明3670抹杀了低维文明3683!
高维文明3670抹杀了低维文明3689!
高维文明3670抹杀了低维文明3692!
文明3670抹杀了文明3696！
高维文明3670抹杀了低维文明3698!
文明3670抹杀了文明3701！
高维文明3670抹杀了低维文明3702!
文明3704抹杀了文明3145！
高维文明3717抹杀了低维文明4912!
文明3670抹杀了文明3719！
文明3670与文明3732同归于尽！
文明3204抹杀了文明3758！
高维文明3760抹杀了低维文明3756!
高维文明4404抹杀了低维文明3762!
高维文明3760抹杀了低维文明3776!
文明2606抹杀了文明3798！
高维文明3760抹杀了低维文明3800!
文明3760抹杀了文明3802！
文明3760抹杀了文明3805！
高维文明3819抹杀了低维文明2977!
文明3760抹杀了文明3829！
高维文明3760抹杀了低维文明3833!
高维文明3760抹杀了低维文明3849!
文明3760抹杀了文明3859！
高维文明4156抹杀了低维文明3861!
文明3760抹杀了文明3867！
高维文明3874抹杀了低维文明3596!
文明3760抹杀了文明3875！
高维文明3876抹杀了低维文明4873!
文明3883抹杀了文明3760！
高维文明3883抹杀了低维文明3897!
高维文明3883抹杀了低维文明3905!
高维文明3883抹杀了低维文明3914!
高维文明3883抹杀了低维文明3918!
高维文明3883抹杀了低维文明3920!
高维文明3942抹杀了低维文明3883!
高维文明3942抹杀了低维文明3943!
高维文明3942抹杀了低维文明3950!
高维文明3942抹杀了低维文明3956!
高维文明3942抹杀了低维文明3959!
高维文明3942抹杀了低维文明3970!
高维文明3942抹杀了低维文明3974!
高维文明3942抹杀了低维文明3985!
高维文明3942抹杀了低维文明3991!
高维文明3942抹杀了低维文明3992!
文明3994抹杀了文明3038！
高维文明3942抹杀了低维文明3997!
高维文明3942抹杀了低维文明3999!
高维文明4003抹杀了低维文明2339!
高维文明3942抹杀了低维文明4005!
高维文明3942抹杀了低维文明4007!
文明3942抹杀了文明4013！
文明3942与文明4017同归于尽！
高维文明4029抹杀了低维文明4027!
文明1314抹杀了文明4032！
高维文明4029抹杀了低维文明4034!
高维文明922抹杀了低维文明4037!
文明4029抹杀了文明4045！
文明4029抹杀了文明4055！
文明4029抹杀了文明4058！
高维文明3215抹杀了低维文明4060!
高维文明4029抹杀了低维文明4074!
文明4029抹杀了文明4075！
文明4029抹杀了文明4083！
高维文明4029抹杀了低维文明4084!
文明4029抹杀了文明4089！
文明4094抹杀了文明4029！
文明4111抹杀了文明4114！
高维文明3215抹杀了低维文明4116!
文明4120抹杀了文明4111！
高维文明4124抹杀了低维文明4120!
高维文明4131抹杀了低维文明4132!
高维文明4131抹杀了低维文明4134!
文明4131抹杀了文明4139！
高维文明4141抹杀了低维文明4131!
高维文明4141抹杀了低维文明4144!
文明4141抹杀了文明4146！
高维文明4141抹杀了低维文明4160!
文明490抹杀了文明4167！
高维文明4141抹杀了低维文明4172!
高维文明4141抹杀了低维文明4181!
文明4141抹杀了文明4183！
文明4141抹杀了文明4190！
文明4141与文明4191同归于尽！
高维文明4194抹杀了低维文明2192!
高维文明4195抹杀了低维文明2096!
高维文明4216抹杀了低维文明4222!
文明4224抹杀了文明4216！
高维文明4227抹杀了低维文明85!
高维文明4233抹杀了低维文明4229!
文明4233抹杀了文明4239！
高维文明4233抹杀了低维文明4243!
高维文明4233抹杀了低维文明4244!
文明4233抹杀了文明4253！
文明4233抹杀了文明4257！
高维文明4258抹杀了低维文明932!
文明4259抹杀了文明4233！
高维文明3215抹杀了低维文明4260!
文明4281抹杀了文明4280！
高维文明4284抹杀了低维文明4281!
文明4291抹杀了文明4294！
高维文明4291抹杀了低维文明4295!
高维文明4291抹杀了低维文明4297!
文明4291抹杀了文明4300！
高维文明4291抹杀了低维文明4307!
高维文明3215抹杀了低维文明4318!
高维文明4291抹杀了低维文明4329!
高维文明4291抹杀了低维文明4330!
文明4291抹杀了文明4349！
文明4353抹杀了文明4291！
高维文明4379抹杀了低维文明4367!
高维文明954抹杀了低维文明4380!
高维文明4379抹杀了低维文明4385!
高维文明1438抹杀了低维文明4386!
文明4379抹杀了文明4388！
高维文明4379抹杀了低维文明4393!
文明4379抹杀了文明4404！
文明4379抹杀了文明4427！
高维文明4433抹杀了低维文明1859!
高维文明4379抹杀了低维文明4442!
高维文明4443抹杀了低维文明4379!
高维文明4466抹杀了低维文明4454!
文明4471抹杀了文明2297！
高维文明4475抹杀了低维文明4478!
文明4475抹杀了文明4482！
文明4475抹杀了文明4483！
高维文明4485抹杀了低维文明1182!
文明4475抹杀了文明4487！
高维文明4494抹杀了低维文明4493!
文明4508抹杀了文明4505！
文明4515抹杀了文明4508！
高维文明4516抹杀了低维文明4515!
高维文明4433抹杀了低维文明4522!
文明4524抹杀了文明1597！
高维文明4528抹杀了低维文明4536!
文明4552抹杀了文明4542！
高维文明2218抹杀了低维文明4558!
文明4552抹杀了文明4560！
文明4552抹杀了文明4564！
高维文明759抹杀了低维文明4571!
高维文明4552抹杀了低维文明4574!
文明3569抹杀了文明4580！
高维文明4552抹杀了低维文明4581!
高维文明4552抹杀了低维文明4596!
高维文明4552抹杀了低维文明4599!
文明4552抹杀了文明4606！
文明4552与文明4607同归于尽！
高维文明4611抹杀了低维文明4610!
高维文明4623抹杀了低维文明841!
文明4614抹杀了文明4629！
高维文明4636抹杀了低维文明4614!
文明4652抹杀了文明4659！
文明3682抹杀了文明4668！
高维文明4652抹杀了低维文明4669!
高维文明4652抹杀了低维文明4672!
高维文明4652抹杀了低维文明4673!
高维文明4675抹杀了低维文明4652!
高维文明4675抹杀了低维文明296!
高维文明4675抹杀了低维文明4677!
高维文明4675抹杀了低维文明4678!
高维文明4675抹杀了低维文明4680!
高维文明4675抹杀了低维文明4683!
高维文明4675抹杀了低维文明4685!
高维文明4675抹杀了低维文明4694!
高维文明4675抹杀了低维文明4696!
高维文明4697抹杀了低维文明1114!
高维文明4675抹杀了低维文明4697!
高维文明4675抹杀了低维文明4704!
高维文明4675抹杀了低维文明4706!
高维文明4675抹杀了低维文明4708!
文明4715抹杀了文明343！
高维文明4675抹杀了低维文明4716!
高维文明4675抹杀了低维文明4718!
高维文明4675抹杀了低维文明4723!
高维文明4675抹杀了低维文明4726!
高维文明4735抹杀了低维文明4992!
高维文明4675抹杀了低维文明4735!
高维文明4675抹杀了低维文明4736!
高维文明4675抹杀了低维文明4740!
高维文明4675抹杀了低维文明4744!
高维文明4675抹杀了低维文明4750!
高维文明4675抹杀了低维文明4751!
高维文明4675抹杀了低维文明4754!
高维文明4675抹杀了低维文明4756!
文明2965抹杀了文明4758！
高维文明4762抹杀了低维文明4639!
高维文明4675抹杀了低维文明4772!
高维文明4675抹杀了低维文明4776!
高维文明4675抹杀了低维文明4779!
文明2622抹杀了文明4781！
高维文明4675抹杀了低维文明4792!
高维文明732抹杀了低维文明4793!
高维文明4675抹杀了低维文明4799!
高维文明4675抹杀了低维文明4803!
高维文明4675抹杀了低维文明4810!
文明4675抹杀了文明4818！
文明4675与文明4822同归于尽！
高维文明4834抹杀了低维文明4773!
高维文明4847抹杀了低维文明4835!
高维文明4856抹杀了低维文明1948!
高维文明4860抹杀了低维文明4851!
文明4871抹杀了文明4865！
高维文明4875抹杀了低维文明624!
高维文明410抹杀了低维文明4881!
高维文明4882抹杀了低维文明4871!
高维文明4886抹杀了低维文明4884!
文明4889抹杀了文明4886！
文明4889抹杀了文明4899！
高维文明4889抹杀了低维文明4900!
高维文明4901抹杀了低维文明4889!
文明4911抹杀了文明4904！
高维文明4926抹杀了低维文明4915!
高维文明4930抹杀了低维文明4489!
文明3852抹杀了文明4951！
文明4956抹杀了文明3118！
高维文明4958抹杀了低维文明3309!
高维文明4959抹杀了低维文明2109!
高维文明4954抹杀了低维文明4961!
文明4963抹杀了文明4954！
高维文明4963抹杀了低维文明4980!
文明4963抹杀了文明4982！
文明4963抹杀了文明4997！
恭喜文明5成为3级文明
恭喜文明6成为2级文明
恭喜文明22成为2级文明
恭喜文明32成为2级文明
恭喜文明33成为2级文明
恭喜文明39成为2级文明
恭喜文明47成为2级文明
恭喜文明64成为2级文明
恭喜文明68成为2级文明
恭喜文明75成为3级文明
恭喜文明114成为2级文明
恭喜文明117成为4级文明
恭喜文明117成为5级文明
恭喜文明129成为2级文明
恭喜文明137成为2级文明
恭喜文明139成为2级文明
恭喜文明157成为3级文明
恭喜文明173成为2级文明
恭喜文明175成为3级文明
恭喜文明178成为2级文明
恭喜文明179成为2级文明
恭喜文明183成为4级文明
恭喜文明183成为5级文明
恭喜文明185成为2级文明
恭喜文明188成为2级文明
恭喜文明201成为2级文明
恭喜文明205成为2级文明
恭喜文明207成为3级文明
恭喜文明217成为2级文明
恭喜文明221成为2级文明
恭喜文明229成为4级文明
恭喜文明232成为2级文明
恭喜文明241成为3级文明
恭喜文明245成为4级文明
恭喜文明246成为2级文明
恭喜文明265成为4级文明
恭喜文明265成为5级文明
恭喜文明278成为3级文明
恭喜文明286成为2级文明
恭喜文明290成为2级文明
恭喜文明303成为2级文明
恭喜文明306成为2级文明
恭喜文明309成为2级文明
恭喜文明311成为2级文明
恭喜文明314成为3级文明
恭喜文明316成为2级文明
恭喜文明325成为3级文明
恭喜文明328成为2级文明
恭喜文明334成为2级文明
恭喜文明365成为2级文明
恭喜文明370成为3级文明
恭喜文明372成为2级文明
恭喜文明373成为2级文明
恭喜文明374成为2级文明
恭喜文明379成为2级文明
恭喜文明380成为2级文明
恭喜文明389成为2级文明
恭喜文明392成为3级文明
恭喜文明397成为2级文明
恭喜文明398成为2级文明
恭喜文明402成为3级文明
恭喜文明407成为2级文明
恭喜文明419成为4级文明
恭喜文明422成为2级文明
恭喜文明423成为2级文明
恭喜文明443成为2级文明
恭喜文明452成为2级文明
恭喜文明461成为2级文明
恭喜文明464成为2级文明
恭喜文明486成为4级文明
恭喜文明490成为3级文明
恭喜文明499成为2级文明
恭喜文明512成为2级文明
恭喜文明518成为2级文明
恭喜文明522成为4级文明
恭喜文明522成为5级文明
恭喜文明523成为2级文明
恭喜文明526成为2级文明
恭喜文明537成为3级文明
恭喜文明538成为2级文明
恭喜文明562成为2级文明
恭喜文明567成为2级文明
恭喜文明578成为2级文明
恭喜文明585成为2级文明
恭喜文明604成为3级文明
恭喜文明606成为2级文明
恭喜文明617成为2级文明
恭喜文明620成为2级文明
恭喜文明634成为2级文明
恭喜文明662成为2级文明
恭喜文明672成为2级文明
恭喜文明681成为2级文明
恭喜文明701成为2级文明
恭喜文明703成为2级文明
恭喜文明704成为5级文明
恭喜文明704成为6级文明
恭喜文明704成为7级文明
恭喜文明706成为2级文明
恭喜文明707成为2级文明
恭喜文明709成为2级文明
恭喜文明714成为2级文明
恭喜文明728成为2级文明
恭喜文明730成为2级文明
恭喜文明732成为3级文明
恭喜文明734成为2级文明
恭喜文明738成为3级文明
恭喜文明741成为2级文明
恭喜文明744成为2级文明
恭喜文明747成为3级文明
恭喜文明748成为2级文明
恭喜文明758成为2级文明
恭喜文明759成为3级文明
恭喜文明764成为2级文明
恭喜文明771成为2级文明
恭喜文明772成为3级文明
恭喜文明774成为2级文明
恭喜文明790成为2级文明
恭喜文明806成为2级文明
恭喜文明809成为2级文明
恭喜文明810成为2级文明
恭喜文明813成为2级文明
恭喜文明842成为2级文明
恭喜文明845成为2级文明
恭喜文明846成为2级文明
恭喜文明850成为2级文明
恭喜文明852成为2级文明
恭喜文明861成为2级文明
恭喜文明862成为2级文明
恭喜文明867成为2级文明
恭喜文明872成为2级文明
恭喜文明878成为2级文明
恭喜文明881成为2级文明
恭喜文明893成为2级文明
恭喜文明922成为3级文明
恭喜文明924成为4级文明
恭喜文明928成为2级文明
恭喜文明930成为2级文明
恭喜文明938成为2级文明
恭喜文明941成为2级文明
恭喜文明957成为2级文明
恭喜文明962成为2级文明
恭喜文明971成为2级文明
恭喜文明981成为3级文明
恭喜文明981成为4级文明
恭喜文明986成为2级文明
恭喜文明987成为2级文明
恭喜文明999成为2级文明
恭喜文明1019成为2级文明
恭喜文明1027成为2级文明
恭喜文明1028成为2级文明
恭喜文明1034成为2级文明
恭喜文明1051成为2级文明
恭喜文明1053成为2级文明
恭喜文明1057成为2级文明
恭喜文明1058成为2级文明
恭喜文明1059成为2级文明
恭喜文明1066成为2级文明
恭喜文明1074成为2级文明
恭喜文明1087成为2级文明
恭喜文明1091成为3级文明
恭喜文明1091成为4级文明
恭喜文明1115成为2级文明
恭喜文明1128成为3级文明
恭喜文明1145成为3级文明
恭喜文明1159成为2级文明
恭喜文明1164成为3级文明
恭喜文明1171成为2级文明
恭喜文明1221成为2级文明
恭喜文明1224成为2级文明
恭喜文明1257成为2级文明
恭喜文明1269成为2级文明
恭喜文明1279成为2级文明
恭喜文明1285成为2级文明
恭喜文明1292成为2级文明
恭喜文明1294成为2级文明
恭喜文明1314成为2级文明
恭喜文明1318成为2级文明
恭喜文明1334成为2级文明
恭喜文明1365成为3级文明
恭喜文明1367成为2级文明
恭喜文明1368成为2级文明
恭喜文明1371成为2级文明
恭喜文明1383成为3级文明
恭喜文明1384成为2级文明
恭喜文明1393成为2级文明
恭喜文明1400成为2级文明
恭喜文明1403成为2级文明
恭喜文明1430成为2级文明
恭喜文明1437成为4级文明
恭喜文明1438成为3级文明
恭喜文明1450成为2级文明
恭喜文明1464成为2级文明
恭喜文明1491成为2级文明
恭喜文明1497成为2级文明
恭喜文明1506成为2级文明
恭喜文明1517成为2级文明
恭喜文明1520成为2级文明
恭喜文明1522成为2级文明
恭喜文明1524成为2级文明
恭喜文明1526成为2级文明
恭喜文明1535成为2级文明
恭喜文明1557成为2级文明
恭喜文明1574成为2级文明
恭喜文明1583成为2级文明
恭喜文明1585成为2级文明
恭喜文明1588成为2级文明
恭喜文明1593成为2级文明
恭喜文明1594成为2级文明
恭喜文明1610成为2级文明
恭喜文明1617成为2级文明
恭喜文明1629成为2级文明
恭喜文明1630成为2级文明
恭喜文明1646成为2级文明
恭喜文明1684成为2级文明
恭喜文明1689成为2级文明
恭喜文明1693成为2级文明
恭喜文明1697成为2级文明
恭喜文明1703成为2级文明
恭喜文明1729成为3级文明
恭喜文明1745成为2级文明
恭喜文明1754成为2级文明
恭喜文明1755成为2级文明
恭喜文明1768成为2级文明
恭喜文明1788成为2级文明
恭喜文明1790成为2级文明
恭喜文明1791成为2级文明
恭喜文明1800成为2级文明
恭喜文明1819成为2级文明
恭喜文明1820成为2级文明
恭喜文明1832成为3级文明
恭喜文明1832成为4级文明
恭喜文明1845成为2级文明
恭喜文明1846成为2级文明
恭喜文明1849成为2级文明
恭喜文明1856成为2级文明
恭喜文明1857成为2级文明
恭喜文明1858成为2级文明
恭喜文明1863成为2级文明
恭喜文明1877成为2级文明
恭喜文明1886成为2级文明
恭喜文明1908成为2级文明
恭喜文明1919成为3级文明
恭喜文明1927成为2级文明
恭喜文明1930成为2级文明
恭喜文明1938成为3级文明
恭喜文明1940成为2级文明
恭喜文明1942成为2级文明
恭喜文明1944成为2级文明
恭喜文明1963成为2级文明
恭喜文明1969成为2级文明
恭喜文明1971成为2级文明
恭喜文明1983成为2级文明
恭喜文明1989成为2级文明
恭喜文明1991成为2级文明
恭喜文明2006成为2级文明
恭喜文明2007成为2级文明
恭喜文明2008成为2级文明
恭喜文明2010成为2级文明
恭喜文明2015成为4级文明
恭喜文明2039成为2级文明
恭喜文明2053成为3级文明
恭喜文明2057成为2级文明
恭喜文明2068成为3级文明
恭喜文明2070成为3级文明
恭喜文明2079成为2级文明
恭喜文明2088成为2级文明
恭喜文明2099成为2级文明
恭喜文明2110成为3级文明
恭喜文明2119成为2级文明
恭喜文明2120成为2级文明
恭喜文明2131成为2级文明
恭喜文明2144成为2级文明
恭喜文明2146成为2级文明
恭喜文明2148成为2级文明
恭喜文明2153成为2级文明
恭喜文明2156成为3级文明
恭喜文明2162成为2级文明
恭喜文明2181成为2级文明
恭喜文明2190成为2级文明
恭喜文明2203成为2级文明
恭喜文明2204成为3级文明
恭喜文明2207成为2级文明
恭喜文明2216成为3级文明
恭喜文明2218成为3级文明
恭喜文明2220成为2级文明
恭喜文明2224成为2级文明
恭喜文明2226成为2级文明
恭喜文明2227成为2级文明
恭喜文明2231成为2级文明
恭喜文明2233成为2级文明
恭喜文明2234成为2级文明
恭喜文明2240成为2级文明
恭喜文明2245成为2级文明
恭喜文明2247成为2级文明
恭喜文明2261成为2级文明
恭喜文明2265成为2级文明
恭喜文明2268成为2级文明
恭喜文明2277成为2级文明
恭喜文明2278成为2级文明
恭喜文明2282成为2级文明
恭喜文明2292成为2级文明
恭喜文明2293成为2级文明
恭喜文明2295成为3级文明
恭喜文明2302成为2级文明
恭喜文明2318成为2级文明
恭喜文明2351成为3级文明
恭喜文明2370成为2级文明
恭喜文明2385成为2级文明
恭喜文明2398成为2级文明
恭喜文明2403成为2级文明
恭喜文明2407成为2级文明
恭喜文明2416成为2级文明
恭喜文明2432成为2级文明
恭喜文明2439成为2级文明
恭喜文明2461成为2级文明
恭喜文明2466成为3级文明
恭喜文明2475成为2级文明
恭喜文明2493成为2级文明
恭喜文明2516成为2级文明
恭喜文明2544成为2级文明
恭喜文明2549成为2级文明
恭喜文明2552成为2级文明
恭喜文明2560成为3级文明
恭喜文明2562成为2级文明
恭喜文明2568成为2级文明
恭喜文明2572成为2级文明
恭喜文明2586成为2级文明
恭喜文明2604成为2级文明
恭喜文明2606成为3级文明
恭喜文明2613成为2级文明
恭喜文明2622成为2级文明
恭喜文明2627成为2级文明
恭喜文明2660成为3级文明
恭喜文明2661成为2级文明
恭喜文明2668成为2级文明
恭喜文明2679成为2级文明
恭喜文明2686成为2级文明
恭喜文明2693成为5级文明
恭喜文明2693成为6级文明
恭喜文明2693成为7级文明
恭喜文明2697成为2级文明
恭喜文明2725成为3级文明
恭喜文明2740成为2级文明
恭喜文明2746成为2级文明
恭喜文明2748成为2级文明
恭喜文明2749成为2级文明
恭喜文明2751成为2级文明
恭喜文明2764成为2级文明
恭喜文明2769成为2级文明
恭喜文明2784成为4级文明
恭喜文明2784成为5级文明
恭喜文明2789成为3级文明
恭喜文明2798成为2级文明
恭喜文明2801成为3级文明
恭喜文明2802成为3级文明
恭喜文明2812成为2级文明
恭喜文明2813成为3级文明
恭喜文明2817成为3级文明
恭喜文明2824成为2级文明
恭喜文明2831成为2级文明
恭喜文明2843成为3级文明
恭喜文明2851成为2级文明
恭喜文明2871成为4级文明
恭喜文明2879成为2级文明
恭喜文明2904成为2级文明
恭喜文明2909成为2级文明
恭喜文明2911成为2级文明
恭喜文明2928成为2级文明
恭喜文明2929成为2级文明
恭喜文明2935成为2级文明
恭喜文明2936成为3级文明
恭喜文明2942成为2级文明
恭喜文明2943成为2级文明
恭喜文明2945成为2级文明
恭喜文明2947成为2级文明
恭喜文明2949成为2级文明
恭喜文明2965成为2级文明
恭喜文明2970成为2级文明
恭喜文明2979成为2级文明
恭喜文明2986成为2级文明
恭喜文明3003成为2级文明
恭喜文明3010成为2级文明
恭喜文明3020成为2级文明
恭喜文明3028成为2级文明
恭喜文明3055成为2级文明
恭喜文明3056成为2级文明
恭喜文明3062成为2级文明
恭喜文明3067成为3级文明
恭喜文明3080成为2级文明
恭喜文明3084成为3级文明
恭喜文明3087成为2级文明
恭喜文明3094成为2级文明
恭喜文明3125成为2级文明
恭喜文明3127成为2级文明
恭喜文明3128成为2级文明
恭喜文明3140成为2级文明
恭喜文明3149成为5级文明
恭喜文明3156成为2级文明
恭喜文明3164成为2级文明
恭喜文明3175成为2级文明
恭喜文明3178成为2级文明
恭喜文明3179成为2级文明
恭喜文明3184成为2级文明
恭喜文明3188成为2级文明
恭喜文明3190成为2级文明
恭喜文明3193成为2级文明
恭喜文明3209成为2级文明
恭喜文明3210成为2级文明
恭喜文明3212成为2级文明
恭喜文明3215成为4级文明
恭喜文明3215成为5级文明
恭喜文明3227成为2级文明
恭喜文明3233成为2级文明
恭喜文明3243成为2级文明
恭喜文明3245成为3级文明
恭喜文明3254成为3级文明
恭喜文明3260成为2级文明
恭喜文明3262成为2级文明
恭喜文明3263成为2级文明
恭喜文明3273成为2级文明
恭喜文明3283成为4级文明
恭喜文明3283成为5级文明
恭喜文明3285成为2级文明
恭喜文明3292成为2级文明
恭喜文明3295成为2级文明
恭喜文明3316成为3级文明
恭喜文明3323成为2级文明
恭喜文明3325成为2级文明
恭喜文明3332成为3级文明
恭喜文明3363成为2级文明
恭喜文明3378成为2级文明
恭喜文明3382成为2级文明
恭喜文明3388成为2级文明
恭喜文明3403成为2级文明
恭喜文明3405成为2级文明
恭喜文明3412成为3级文明
恭喜文明3427成为3级文明
恭喜文明3428成为2级文明
恭喜文明3431成为2级文明
恭喜文明3434成为2级文明
恭喜文明3436成为3级文明
恭喜文明3450成为2级文明
恭喜文明3459成为2级文明
恭喜文明3460成为2级文明
恭喜文明3467成为4级文明
恭喜文明3472成为2级文明
恭喜文明3483成为2级文明
恭喜文明3498成为2级文明
恭喜文明3507成为2级文明
恭喜文明3525成为2级文明
恭喜文明3527成为2级文明
恭喜文明3538成为2级文明
恭喜文明3561成为3级文明
恭喜文明3564成为2级文明
恭喜文明3569成为2级文明
恭喜文明3576成为3级文明
恭喜文明3576成为4级文明
恭喜文明3584成为2级文明
恭喜文明3590成为2级文明
恭喜文明3600成为2级文明
恭喜文明3602成为2级文明
恭喜文明3616成为2级文明
恭喜文明3618成为2级文明
恭喜文明3625成为3级文明
恭喜文明3664成为2级文明
恭喜文明3667成为2级文明
恭喜文明3682成为2级文明
恭喜文明3685成为2级文明
恭喜文明3700成为2级文明
恭喜文明3704成为3级文明
恭喜文明3710成为2级文明
恭喜文明3715成为2级文明
恭喜文明3727成为2级文明
恭喜文明3735成为2级文明
恭喜文明3740成为2级文明
恭喜文明3775成为2级文明
恭喜文明3781成为2级文明
恭喜文明3795成为2级文明
恭喜文明3803成为2级文明
恭喜文明3820成为2级文明
恭喜文明3839成为3级文明
恭喜文明3845成为2级文明
恭喜文明3852成为2级文明
恭喜文明3855成为2级文明
恭喜文明3871成为2级文明
恭喜文明3872成为2级文明
恭喜文明3873成为2级文明
恭喜文明3874成为3级文明
恭喜文明3876成为3级文明
恭喜文明3879成为2级文明
恭喜文明3890成为2级文明
恭喜文明3906成为2级文明
恭喜文明3909成为2级文明
恭喜文明3911成为2级文明
恭喜文明3912成为2级文明
恭喜文明3916成为2级文明
恭喜文明3919成为2级文明
恭喜文明3945成为2级文明
恭喜文明3952成为2级文明
恭喜文明3960成为2级文明
恭喜文明3966成为2级文明
恭喜文明3969成为2级文明
恭喜文明3989成为2级文明
恭喜文明3990成为2级文明
恭喜文明3994成为2级文明
恭喜文明4002成为2级文明
恭喜文明4015成为2级文明
恭喜文明4020成为2级文明
恭喜文明4052成为2级文明
恭喜文明4059成为2级文明
恭喜文明4065成为2级文明
恭喜文明4072成为2级文明
恭喜文明4094成为3级文明
恭喜文明4094成为4级文明
恭喜文明4098成为2级文明
恭喜文明4099成为2级文明
恭喜文明4118成为2级文明
恭喜文明4124成为3级文明
恭喜文明4130成为2级文明
恭喜文明4147成为3级文明
恭喜文明4149成为3级文明
恭喜文明4156成为4级文明
恭喜文明4178成为2级文明
恭喜文明4189成为2级文明
恭喜文明4194成为3级文明
恭喜文明4195成为3级文明
恭喜文明4200成为2级文明
恭喜文明4202成为2级文明
恭喜文明4209成为2级文明
恭喜文明4210成为2级文明
恭喜文明4212成为2级文明
恭喜文明4218成为2级文明
恭喜文明4220成为2级文明
恭喜文明4223成为2级文明
恭喜文明4224成为3级文明
恭喜文明4227成为4级文明
恭喜文明4230成为2级文明
恭喜文明4252成为2级文明
恭喜文明4259成为3级文明
恭喜文明4271成为2级文明
恭喜文明4284成为3级文明
恭喜文明4299成为2级文明
恭喜文明4309成为2级文明
恭喜文明4322成为2级文明
恭喜文明4326成为2级文明
恭喜文明4344成为2级文明
恭喜文明4352成为2级文明
恭喜文明4353成为3级文明
恭喜文明4354成为2级文明
恭喜文明4361成为2级文明
恭喜文明4371成为3级文明
恭喜文明4373成为2级文明
恭喜文明4405成为2级文明
恭喜文明4407成为2级文明
恭喜文明4415成为2级文明
恭喜文明4417成为2级文明
恭喜文明4425成为2级文明
恭喜文明4433成为3级文明
恭喜文明4438成为2级文明
恭喜文明4441成为2级文明
恭喜文明4443成为4级文明
恭喜文明4453成为2级文明
恭喜文明4457成为2级文明
恭喜文明4467成为2级文明
恭喜文明4471成为3级文明
恭喜文明4475成为3级文明
恭喜文明4494成为4级文明
恭喜文明4498成为2级文明
恭喜文明4501成为2级文明
恭喜文明4516成为3级文明
恭喜文明4524成为2级文明
恭喜文明4525成为2级文明
恭喜文明4534成为2级文明
恭喜文明4553成为2级文明
恭喜文明4602成为2级文明
恭喜文明4616成为2级文明
恭喜文明4623成为3级文明
恭喜文明4633成为2级文明
恭喜文明4647成为2级文明
恭喜文明4655成为2级文明
恭喜文明4666成为2级文明
恭喜文明4676成为2级文明
恭喜文明4698成为2级文明
恭喜文明4715成为2级文明
恭喜文明4728成为2级文明
恭喜文明4747成为2级文明
恭喜文明4760成为2级文明
恭喜文明4762成为3级文明
恭喜文明4764成为2级文明
恭喜文明4770成为2级文明
恭喜文明4774成为2级文明
恭喜文明4775成为2级文明
恭喜文明4782成为2级文明
恭喜文明4787成为2级文明
恭喜文明4797成为2级文明
恭喜文明4825成为2级文明
恭喜文明4834成为3级文明
恭喜文明4836成为2级文明
恭喜文明4842成为2级文明
恭喜文明4847成为3级文明
恭喜文明4856成为3级文明
恭喜文明4860成为3级文明
恭喜文明4863成为2级文明
恭喜文明4872成为2级文明
恭喜文明4882成为3级文明
恭喜文明4895成为2级文明
恭喜文明4901成为4级文明
恭喜文明4901成为5级文明
恭喜文明4907成为2级文明
恭喜文明4911成为2级文明
恭喜文明4918成为2级文明
恭喜文明4921成为2级文明
恭喜文明4933成为2级文明
恭喜文明4953成为3级文明
恭喜文明4956成为2级文明
恭喜文明4958成为4级文明
恭喜文明4959成为3级文明
恭喜文明4960成为2级文明
恭喜文明4963成为3级文明
恭喜文明4972成为3级文明
恭喜文明4977成为2级文明
恭喜文明4989成为2级文明
恭喜文明4991成为3级文明
恭喜文明4998成为2级文明
剩余文明数量：2151

第6回合：
文明606抹杀了文明3！
高维文明5抹杀了低维文明4!
高维文明5抹杀了低维文明6!
高维文明5抹杀了低维文明8!
高维文明5抹杀了低维文明10!
高维文明5抹杀了低维文明11!
高维文明5抹杀了低维文明12!
高维文明5抹杀了低维文明13!
高维文明5抹杀了低维文明15!
高维文明5抹杀了低维文明16!
高维文明5抹杀了低维文明19!
高维文明5抹杀了低维文明20!
高维文明5抹杀了低维文明22!
高维文明5抹杀了低维文明32!
高维文明5抹杀了低维文明33!
高维文明5抹杀了低维文明36!
高维文明5抹杀了低维文明37!
高维文明5抹杀了低维文明38!
高维文明5抹杀了低维文明46!
文明4051抹杀了文明52！
高维文明5抹杀了低维文明53!
高维文明5抹杀了低维文明55!
高维文明5抹杀了低维文明58!
高维文明5抹杀了低维文明59!
高维文明5抹杀了低维文明64!
高维文明5抹杀了低维文明65!
高维文明5抹杀了低维文明68!
高维文明5抹杀了低维文明71!
高维文明5抹杀了低维文明74!
高维文明5抹杀了低维文明80!
高维文明5抹杀了低维文明83!
高维文明5抹杀了低维文明93!
高维文明5抹杀了低维文明99!
高维文明113抹杀了低维文明824!
高维文明5抹杀了低维文明116!
高维文明117抹杀了低维文明5!
文明2549抹杀了文明121！
高维文明129抹杀了低维文明118!
高维文明132抹杀了低维文明133!
文明132抹杀了文明139！
高维文明132抹杀了低维文明145!
文明132抹杀了文明146！
高维文明132抹杀了低维文明148!
文明132抹杀了文明154！
高维文明157抹杀了低维文明132!
文明158抹杀了文明159！
文明160抹杀了文明158！
文明162抹杀了文明160！
高维文明167抹杀了低维文明162!
文明170抹杀了文明168！
高维文明178抹杀了低维文明170!
文明179抹杀了文明2119！
文明185抹杀了文明2037！
高维文明188抹杀了低维文明1826!
高维文明198抹杀了低维文明1085!
高维文明189抹杀了低维文明204!
高维文明189抹杀了低维文明206!
高维文明207抹杀了低维文明189!
高维文明217抹杀了低维文明214!
高维文明226抹杀了低维文明224!
文明226抹杀了文明227！
高维文明229抹杀了低维文明226!
高维文明233抹杀了低维文明230!
文明256与文明243同归于尽！
高维文明2572抹杀了低维文明272!
文明276抹杀了文明282！
高维文明286抹杀了低维文明276!
高维文明292抹杀了低维文明291!
高维文明292抹杀了低维文明295!
高维文明962抹杀了低维文明298!
高维文明292抹杀了低维文明299!
文明292抹杀了文明303！
文明292抹杀了文明304！
高维文明314抹杀了低维文明311!
高维文明314抹杀了低维文明3613!
高维文明328抹杀了低维文明3414!
高维文明1919抹杀了低维文明329!
高维文明357抹杀了低维文明356!
文明357抹杀了文明363！
文明357抹杀了文明364！
高维文明2843抹杀了低维文明366!
文明357抹杀了文明367！
高维文明601抹杀了低维文明368!
高维文明370抹杀了低维文明357!
文明4020抹杀了文明374！
高维文明379抹杀了低维文明375!
高维文明392抹杀了低维文明3600!
文明397抹杀了文明809！
高维文明402抹杀了低维文明396!
文明407抹杀了文明404！
文明407抹杀了文明409！
高维文明419抹杀了低维文明1827!
文明407抹杀了文明421！
文明407抹杀了文明422！
文明423抹杀了文明407！
文明423抹杀了文明4369！
高维文明3973抹杀了低维文明432!
高维文明443抹杀了低维文明441!
文明443抹杀了文明444！
文明443抹杀了文明451！
高维文明760抹杀了低维文明454!
文明2831抹杀了文明461！
文明472抹杀了文明3120！
文明473抹杀了文明2341！
高维文明443抹杀了低维文明479!
高维文明486抹杀了低维文明443!
高维文明490抹杀了低维文明492!
高维文明490抹杀了低维文明495!
高维文明490抹杀了低维文明499!
高维文明490抹杀了低维文明505!
高维文明490抹杀了低维文明506!
高维文明490抹杀了低维文明512!
高维文明490抹杀了低维文明518!
高维文明522抹杀了低维文明490!
高维文明526抹杀了低维文明528!
文明530抹杀了文明526！
高维文明530抹杀了低维文明534!
高维文明537抹杀了低维文明530!
高维文明538抹杀了低维文明540!
文明543抹杀了文明538！
文明543抹杀了文明544！
高维文明3273抹杀了低维文明545!
高维文明546抹杀了低维文明1814!
文明1517抹杀了文明562！
高维文明543抹杀了低维文明568!
文明543抹杀了文明573！
高维文明576抹杀了低维文明543!
文明579抹杀了文明4078！
文明583抹杀了文明578！
高维文明4195抹杀了低维文明589!
文明4620抹杀了文明592！
文明596抹杀了文明585！
文明3890抹杀了文明611！
高维文明612抹杀了低维文明605!
文明636抹杀了文明629！
高维文明370抹杀了低维文明662!
文明670抹杀了文明653！
文明672抹杀了文明4907！
高维文明1991抹杀了低维文明697!
高维文明699抹杀了低维文明671!
文明1955抹杀了文明701！
文明703抹杀了文明2710！
文明709抹杀了文明714！
文明709抹杀了文明722！
文明709抹杀了文明728！
文明709抹杀了文明734！
高维文明738抹杀了低维文明709!
文明740抹杀了文明2580！
高维文明738抹杀了低维文明741!
高维文明2627抹杀了低维文明743!
高维文明738抹杀了低维文明744!
高维文明738抹杀了低维文明745!
高维文明738抹杀了低维文明746!
文明738抹杀了文明747！
文明738与文明748同归于尽！
高维文明3405抹杀了低维文明753!
高维文明759抹杀了低维文明757!
高维文明760抹杀了低维文明763!
文明4525抹杀了文明764！
高维文明760抹杀了低维文明774!
高维文明760抹杀了低维文明776!
高维文明760抹杀了低维文明790!
高维文明760抹杀了低维文明801!
高维文明760抹杀了低维文明806!
文明810抹杀了文明3508！
高维文明760抹杀了低维文明813!
高维文明3081抹杀了低维文明833!
高维文明760抹杀了低维文明835!
高维文明760抹杀了低维文明842!
高维文明760抹杀了低维文明850!
文明852抹杀了文明1087！
高维文明760抹杀了低维文明854!
文明4950抹杀了文明858！
高维文明760抹杀了低维文明862!
高维文明760抹杀了低维文明863!
高维文明760抹杀了低维文明867!
高维文明760抹杀了低维文明869!
高维文明760抹杀了低维文明871!
高维文明760抹杀了低维文明872!
高维文明760抹杀了低维文明879!
高维文明760抹杀了低维文明881!
高维文明760抹杀了低维文明884!
文明893抹杀了文明4705！
文明893抹杀了文明2184！
文明897抹杀了文明47！
高维文明760抹杀了低维文明899!
高维文明760抹杀了低维文明909!
高维文明760抹杀了低维文明921!
高维文明924抹杀了低维文明760!
文明937抹杀了文明933！
高维文明939抹杀了低维文明937!
文明939抹杀了文明941！
文明954抹杀了文明939！
文明962抹杀了文明957！
高维文明979抹杀了低维文明966!
文明979抹杀了文明987！
高维文明979抹杀了低维文明992!
文明979抹杀了文明1007！
高维文明979抹杀了低维文明1014!
高维文明979抹杀了低维文明1020!
高维文明979抹杀了低维文明1021!
文明979抹杀了文明1026！
文明1028抹杀了文明1027！
高维文明1042抹杀了低维文明1037!
高维文明1059抹杀了低维文明1065!
文明1059抹杀了文明1066！
文明1071抹杀了文明1059！
高维文明1091抹杀了低维文明1082!
高维文明1115抹杀了低维文明1098!
文明1116抹杀了文明4090！
高维文明1119抹杀了低维文明1123!
高维文明1119抹杀了低维文明1143!
高维文明1145抹杀了低维文明2007!
高维文明1145抹杀了低维文明670!
文明1119抹杀了文明1159！
文明1119抹杀了文明1160！
文明1162抹杀了文明1119！
高维文明1164抹杀了低维文明1170!
高维文明1164抹杀了低维文明1180!
高维文明1164抹杀了低维文明1181!
高维文明1164抹杀了低维文明1188!
高维文明1164抹杀了低维文明1190!
高维文明1164抹杀了低维文明1201!
高维文明1164抹杀了低维文明1203!
高维文明1164抹杀了低维文明1207!
高维文明1164抹杀了低维文明1221!
高维文明1164抹杀了低维文明1242!
高维文明1164抹杀了低维文明1244!
高维文明1164抹杀了低维文明1246!
高维文明1164抹杀了低维文明1248!
高维文明1164抹杀了低维文明1251!
高维文明1164抹杀了低维文明1255!
高维文明1164抹杀了低维文明1258!
高维文明1164抹杀了低维文明1260!
高维文明1164抹杀了低维文明1269!
高维文明1164抹杀了低维文明1272!
文明1273抹杀了文明1289！
高维文明1164抹杀了低维文明1275!
高维文明1164抹杀了低维文明1277!
高维文明1164抹杀了低维文明1285!
高维文明1164抹杀了低维文明1294!
高维文明1164抹杀了低维文明1304!
高维文明1164抹杀了低维文明1306!
高维文明1164抹杀了低维文明1308!
文明2432抹杀了文明1314！
高维文明1164抹杀了低维文明1318!
高维文明1164抹杀了低维文明1325!
高维文明1164抹杀了低维文明1332!
高维文明1164抹杀了低维文明1334!
高维文明1164抹杀了低维文明1338!
高维文明1164抹杀了低维文明1341!
高维文明1164抹杀了低维文明1349!
高维文明1164抹杀了低维文明1356!
高维文明1164抹杀了低维文明1360!
文明1164抹杀了文明1365！
文明1383抹杀了文明1164！
文明1384抹杀了文明1393！
高维文明1401抹杀了低维文明1384!
高维文明1409抹杀了低维文明1406!
文明1423抹杀了文明1409！
文明1423抹杀了文明1433！
高维文明1437抹杀了低维文明1423!
文明1452抹杀了文明1440！
文明1452抹杀了文明1464！
文明1452抹杀了文明1470！
文明1476抹杀了文明974！
高维文明1481抹杀了低维文明1452!
高维文明1481抹杀了低维文明1484!
高维文明1481抹杀了低维文明1488!
高维文明1481抹杀了低维文明1500!
高维文明1481抹杀了低维文明1506!
高维文明1481抹杀了低维文明1511!
文明1518抹杀了文明4891！
高维文明1481抹杀了低维文明1520!
高维文明1481抹杀了低维文明1522!
高维文明1481抹杀了低维文明1524!
高维文明1481抹杀了低维文明1526!
高维文明1481抹杀了低维文明1529!
高维文明1481抹杀了低维文明1538!
高维文明1481抹杀了低维文明1540!
高维文明2986抹杀了低维文明1564!
高维文明1481抹杀了低维文明1572!
高维文明1481抹杀了低维文明1576!
高维文明1481抹杀了低维文明1578!
高维文明1581抹杀了低维文明3826!
高维文明1481抹杀了低维文明1583!
高维文明1481抹杀了低维文明1593!
高维文明1481抹杀了低维文明1605!
高维文明1481抹杀了低维文明1607!
高维文明1481抹杀了低维文明1609!
高维文明1481抹杀了低维文明1610!
高维文明1481抹杀了低维文明1612!
高维文明2461抹杀了低维文明1620!
高维文明1481抹杀了低维文明1621!
高维文明1481抹杀了低维文明1625!
高维文明1481抹杀了低维文明1629!
高维文明1481抹杀了低维文明1630!
高维文明1634抹杀了低维文明1961!
高维文明1481抹杀了低维文明1647!
高维文明1481抹杀了低维文明1654!
高维文明1481抹杀了低维文明1658!
文明593抹杀了文明1672！
高维文明1481抹杀了低维文明1675!
高维文明1481抹杀了低维文明1676!
高维文明1481抹杀了低维文明1679!
高维文明1481抹杀了低维文明1684!
高维文明1697抹杀了低维文明2875!
高维文明1481抹杀了低维文明1697!
高维文明1481抹杀了低维文明1701!
高维文明1481抹杀了低维文明1707!
高维文明1481抹杀了低维文明1717!
高维文明1481抹杀了低维文明1718!
高维文明1481抹杀了低维文明1720!
高维文明1481抹杀了低维文明1725!
高维文明1481抹杀了低维文明1726!
高维文明1481抹杀了低维文明1730!
高维文明1481抹杀了低维文明1735!
高维文明1481抹杀了低维文明1745!
高维文明1481抹杀了低维文明1746!
高维文明1481抹杀了低维文明1749!
高维文明1481抹杀了低维文明1760!
高维文明1481抹杀了低维文明1786!
高维文明1481抹杀了低维文明1789!
高维文明1481抹杀了低维文明1790!
高维文明1481抹杀了低维文明1791!
高维文明1481抹杀了低维文明1805!
高维文明1481抹杀了低维文明1818!
高维文明1819抹杀了低维文明3203!
高维文明1481抹杀了低维文明1820!
高维文明1481抹杀了低维文明1824!
文明1832与文明1481同归于尽！
高维文明1845抹杀了低维文明4040!
高维文明1846抹杀了低维文明1843!
文明1846抹杀了文明1847！
文明1846抹杀了文明1848！
文明1852抹杀了文明1849！
高维文明1853抹杀了低维文明1490!
高维文明1858抹杀了低维文明1880!
高维文明1882抹杀了低维文明4236!
高维文明1858抹杀了低维文明1891!
文明1858抹杀了文明1908！
高维文明3740抹杀了低维文明1917!
高维文明1919抹杀了低维文明1858!
高维文明1944抹杀了低维文明1924!
高维文明1964抹杀了低维文明4136!
高维文明1964抹杀了低维文明3195!
高维文明1971抹杀了低维文明1968!
文明1986抹杀了文明1989！
文明1991抹杀了文明1986！
高维文明1991抹杀了低维文明1993!
高维文明1991抹杀了低维文明2003!
文明1991抹杀了文明2008！
文明1991抹杀了文明2009！
高维文明1145抹杀了低维文明2010!
高维文明1991抹杀了低维文明2016!
高维文明1991抹杀了低维文明2017!
高维文明1991抹杀了低维文明2025!
文明1991抹杀了文明2034！
高维文明2053抹杀了低维文明1991!
高维文明1091抹杀了低维文明2068!
高维文明4200抹杀了低维文明2069!
高维文明607抹杀了低维文明2082!
高维文明2091抹杀了低维文明2095!
高维文明2091抹杀了低维文明2108!
文明2091抹杀了文明2112！
高维文明2091抹杀了低维文明2130!
文明2091抹杀了文明2131！
高维文明2091抹杀了低维文明2132!
文明2091抹杀了文明2137！
高维文明2144抹杀了低维文明4166!
高维文明1145抹杀了低维文明2144!
高维文明2091抹杀了低维文明2145!
文明2091抹杀了文明2146！
高维文明2148抹杀了低维文明433!
文明2148抹杀了文明2091！
高维文明2148抹杀了低维文明2150!
高维文明2156抹杀了低维文明2148!
高维文明2165抹杀了低维文明1152!
高维文明2817抹杀了低维文明2171!
高维文明2181抹杀了低维文明2173!
文明2181抹杀了文明2188！
高维文明2181抹杀了低维文明2189!
文明2181抹杀了文明2190！
文明2196抹杀了文明3854！
文明2181抹杀了文明2196！
文明2181抹杀了文明2203！
文明1145抹杀了文明2204！
高维文明2181抹杀了低维文明2210!
文明2215抹杀了文明3370！
高维文明2216抹杀了低维文明2181!
文明1944抹杀了文明2220！
高维文明2227抹杀了低维文明2229!
文明2227抹杀了文明2231！
文明2227与文明2235同归于尽！
高维文明2466抹杀了低维文明2245!
高维文明2246抹杀了低维文明2244!
高维文明2253抹杀了低维文明2252!
高维文明2253抹杀了低维文明2254!
文明2253抹杀了文明2261！
高维文明2263抹杀了低维文明4998!
高维文明2265抹杀了低维文明4631!
文明2253抹杀了文明2268！
文明2272抹杀了文明2253！
高维文明2272抹杀了低维文明3163!
高维文明2295抹杀了低维文明2278!
高维文明2295抹杀了低维文明2296!
高维文明2295抹杀了低维文明2302!
高维文明2295抹杀了低维文明2304!
高维文明2295抹杀了低维文明2308!
高维文明2295抹杀了低维文明2311!
高维文明2295抹杀了低维文明2314!
高维文明2295抹杀了低维文明2323!
高维文明2295抹杀了低维文明2325!
高维文明2295抹杀了低维文明2329!
高维文明2295抹杀了低维文明2332!
高维文明2295抹杀了低维文明2335!
高维文明2295抹杀了低维文明2340!
高维文明2295抹杀了低维文明2349!
高维文明2295抹杀了低维文明2354!
高维文明2295抹杀了低维文明2357!
高维文明2295抹杀了低维文明2363!
文明2612抹杀了文明2366！
高维文明2295抹杀了低维文明2370!
高维文明2295抹杀了低维文明2375!
高维文明1145抹杀了低维文明2393!
高维文明2295抹杀了低维文明2401!
高维文明2295抹杀了低维文明2415!
高维文明2295抹杀了低维文明2416!
高维文明2295抹杀了低维文明2426!
高维文明2295抹杀了低维文明2432!
高维文明2295抹杀了低维文明2439!
高维文明2295抹杀了低维文明2447!
高维文明2453抹杀了低维文明2295!
文明2461抹杀了文明2465！
文明2461抹杀了文明2467！
文明2475抹杀了文明2461！
高维文明3067抹杀了低维文明2489!
高维文明1145抹杀了低维文明2503!
文明2504抹杀了文明2502！
文明2504抹杀了文明2505！
高维文明2523抹杀了低维文明2504!
高维文明2523抹杀了低维文明1695!
高维文明2544抹杀了低维文明2530!
高维文明2560抹杀了低维文明3132!
高维文明2560抹杀了低维文明3604!
高维文明2556抹杀了低维文明2567!
高维文明2564抹杀了低维文明2568!
高维文明2564抹杀了低维文明2572!
高维文明4457抹杀了低维文明2574!
高维文明2564抹杀了低维文明2575!
高维文明2564抹杀了低维文明2577!
高维文明2564抹杀了低维文明2579!
高维文明2595抹杀了低维文明2564!
文明2609抹杀了文明4933！
高维文明2609抹杀了低维文明2610!
文明2609抹杀了文明2613！
高维文明1145抹杀了低维文明2614!
高维文明2617抹杀了低维文明2609!
文明2622抹杀了文明2621！
高维文明2633抹杀了低维文明2628!
文明2633抹杀了文明2640！
高维文明2641抹杀了低维文明2633!
高维文明2661抹杀了低维文明2659!
文明2661抹杀了文明2665！
文明2668抹杀了文明2661！
高维文明2679抹杀了低维文明2677!
文明2686抹杀了文明2687！
文明2686抹杀了文明2697！
文明2698抹杀了文明2686！
文明1145抹杀了文明2725！
文明2724抹杀了文明2726！
高维文明2740抹杀了低维文明2724!
文明2740抹杀了文明2741！
文明2740抹杀了文明2749！
文明2751抹杀了文明2740！
高维文明4834抹杀了低维文明2768!
文明2775抹杀了文明2761！
高维文明2792抹杀了低维文明2775!
文明2802抹杀了文明1145！
高维文明2799抹杀了低维文明2810!
高维文明2813抹杀了低维文明2799!
文明3427抹杀了文明2817！
文明2831抹杀了文明1800！
高维文明2843抹杀了低维文明2824!
文明2860抹杀了文明2844！
高维文明2860抹杀了低维文明2862!
高维文明2871抹杀了低维文明2860!
高维文明2888抹杀了低维文明2901!
文明2909抹杀了文明2888！
高维文明2909抹杀了低维文明2912!
高维文明2909抹杀了低维文明2915!
文明2909抹杀了文明2929！
文明2937抹杀了文明2909！
文明2942抹杀了文明4715！
文明2945抹杀了文明2937！
文明2945抹杀了文明2949！
高维文明2945抹杀了低维文明2954!
文明2963抹杀了文明2945！
文明2963抹杀了文明2965！
高维文明2963抹杀了低维文明2966!
文明2986抹杀了文明556！
文明2963抹杀了文明2990！
高维文明2992抹杀了低维文明2963!
高维文明3030抹杀了低维文明3029!
高维文明3037抹杀了低维文明3034!
高维文明3042抹杀了低维文明1288!
文明3048抹杀了文明3043！
高维文明3048抹杀了低维文明3051!
文明3048抹杀了文明3055！
文明3048与文明3065同归于尽！
高维文明4218抹杀了低维文明3068!
文明3078抹杀了文明3073！
高维文明3084抹杀了低维文明3078!
文明3095抹杀了文明3100！
高维文明3105抹杀了低维文明3095!
高维文明3111抹杀了低维文明3119!
高维文明3111抹杀了低维文明3124!
文明3111抹杀了文明3127！
高维文明3111抹杀了低维文明3146!
文明3111抹杀了文明3151！
高维文明3227抹杀了低维文明3157!
文明3158抹杀了文明3111！
高维文明3994抹杀了低维文明3160!
高维文明3170抹杀了低维文明3166!
文明3170抹杀了文明3175！
文明3179抹杀了文明3170！
文明3179抹杀了文明3180！
高维文明3179抹杀了低维文明3183!
文明3179抹杀了文明3188！
文明3191抹杀了文明3179！
文明3191与文明3208同归于尽！
文明3209与文明4617同归于尽！
高维文明3215抹杀了低维文明2802!
高维文明3239抹杀了低维文明3234!
高维文明3245抹杀了低维文明1974!
高维文明3254抹杀了低维文明3248!
高维文明3254抹杀了低维文明3263!
高维文明3254抹杀了低维文明3264!
高维文明3254抹杀了低维文明3267!
高维文明584抹杀了低维文明3268!
高维文明3254抹杀了低维文明3271!
高维文明3254抹杀了低维文明3273!
高维文明3254抹杀了低维文明3274!
高维文明3254抹杀了低维文明3280!
高维文明3283抹杀了低维文明3254!
文明3291抹杀了文明3287！
文明3292抹杀了文明3306！
高维文明3033抹杀了低维文明3308!
高维文明3292抹杀了低维文明3312!
高维文明3316抹杀了低维文明3292!
文明3574抹杀了文明3317！
高维文明3325抹杀了低维文明3320!
文明3334与文明3326同归于尽！
高维文明3344抹杀了低维文明3338!
高维文明3364抹杀了低维文明3360!
文明3372抹杀了文明3369！
文明3372抹杀了文明3373！
文明3376抹杀了文明3372！
文明3377抹杀了文明3376！
高维文明3378抹杀了低维文明3377!
文明3378抹杀了文明3382！
文明3378抹杀了文明3388！
高维文明3378抹杀了低维文明3393!
文明3378抹杀了文明3399！
文明3400抹杀了文明3378！
文明3400抹杀了文明3403！
高维文明3400抹杀了低维文明3404!
文明3400抹杀了文明3410！
高维文明3427抹杀了低维文明3400!
高维文明3431抹杀了低维文明1345!
高维文明3427抹杀了低维文明3434!
文明3427抹杀了文明3436！
文明3427与文明3442同归于尽！
高维文明3450抹杀了低维文明3446!
高维文明3450抹杀了低维文明3457!
文明3450抹杀了文明3459！
文明3450抹杀了文明3460！
文明3450与文明3481同归于尽！
文明3510抹杀了文明4154！
文明3520抹杀了文明4977！
高维文明3523抹杀了低维文明3518!
文明3543抹杀了文明3544！
高维文明3543抹杀了低维文明3552!
高维文明3561抹杀了低维文明3543!
高维文明3561抹杀了低维文明3562!
高维文明3570抹杀了低维文明2836!
高维文明3561抹杀了低维文明3572!
高维文明3561抹杀了低维文明3574!
高维文明3561抹杀了低维文明3584!
高维文明3561抹杀了低维文明3586!
高维文明3561抹杀了低维文明3591!
高维文明3561抹杀了低维文明3599!
高维文明1128抹杀了低维文明3601!
高维文明3561抹杀了低维文明3602!
高维文明3561抹杀了低维文明3610!
高维文明3561抹杀了低维文明3618!
高维文明3561抹杀了低维文明3623!
高维文明3561抹杀了低维文明3630!
高维文明3561抹杀了低维文明3636!
高维文明3561抹杀了低维文明3640!
高维文明3561抹杀了低维文明3644!
高维文明3561抹杀了低维文明3648!
高维文明3561抹杀了低维文明3649!
高维文明3561抹杀了低维文明3655!
高维文明3561抹杀了低维文明3661!
高维文明3561抹杀了低维文明3664!
高维文明3561抹杀了低维文明3666!
高维文明3561抹杀了低维文明3667!
高维文明3561抹杀了低维文明3673!
高维文明3561抹杀了低维文明3674!
文明3407抹杀了文明3679！
高维文明3682抹杀了低维文明2463!
高维文明3561抹杀了低维文明3685!
高维文明3561抹杀了低维文明3687!
高维文明3561抹杀了低维文明3691!
高维文明3561抹杀了低维文明3694!
高维文明3561抹杀了低维文明3695!
高维文明3561抹杀了低维文明3699!
高维文明3561抹杀了低维文明3700!
文明3561抹杀了文明3704！
文明3561与文明3705同归于尽！
文明3710抹杀了文明3717！
文明3710抹杀了文明3718！
高维文明3710抹杀了低维文明3722!
文明3710抹杀了文明3740！
文明3710抹杀了文明3743！
高维文明3752抹杀了低维文明4476!
文明3710抹杀了文明3752！
高维文明3765抹杀了低维文明3710!
文明3767抹杀了文明3766！
文明3775与文明3768同归于尽！
文明3777抹杀了文明3778！
高维文明3781抹杀了低维文明3777!
高维文明3795抹杀了低维文明3789!
文明3816抹杀了文明3812！
高维文明3818抹杀了低维文明3816!
高维文明3827抹杀了低维文明3830!
高维文明3827抹杀了低维文明3837!
高维文明3839抹杀了低维文明3827!
高维文明3839抹杀了低维文明3844!
高维文明3839抹杀了低维文明3845!
高维文明3839抹杀了低维文明3855!
高维文明3839抹杀了低维文明3871!
文明3839抹杀了文明3874！
文明3839与文明3888同归于尽！
文明3890抹杀了文明3472！
高维文明3912抹杀了低维文明3902!
高维文明3912抹杀了低维文明3913!
文明3912抹杀了文明3916！
高维文明3912抹杀了低维文明3930!
高维文明3407抹杀了低维文明3934!
文明3952抹杀了文明3912！
文明3952抹杀了文明3957！
文明3952抹杀了文明3966！
高维文明3952抹杀了低维文明3967!
高维文明3952抹杀了低维文明3971!
文明3952抹杀了文明3973！
高维文明3952抹杀了低维文明3976!
高维文明3952抹杀了低维文明3978!
文明3952抹杀了文明3989！
文明3990抹杀了文明3952！
文明4015抹杀了文明114！
高维文明4020抹杀了低维文明4016!
文明4022抹杀了文明4024！
文明4026抹杀了文明4022！
高维文明4052抹杀了低维文明4026!
文明4059抹杀了文明4065！
高维文明4059抹杀了低维文明4067!
高维文明2382抹杀了低维文明4091!
高维文明4094抹杀了低维文明4059!
文明4110抹杀了文明1414！
高维文明4118抹杀了低维文明4112!
高维文明4118抹杀了低维文明4140!
高维文明4147抹杀了低维文明4118!
高维文明4149抹杀了低维文明2006!
高维文明4149抹杀了低维文明4150!
高维文明4149抹杀了低维文明4151!
高维文明4149抹杀了低维文明4153!
高维文明4156抹杀了低维文明4149!
高维文明4156抹杀了低维文明4161!
高维文明4168抹杀了低维文明4813!
高维文明4175抹杀了低维文明4185!
高维文明4175抹杀了低维文明4187!
高维文明4194抹杀了低维文明807!
高维文明4175抹杀了低维文明4195!
高维文明4200抹杀了低维文明4198!
文明4200抹杀了文明4208！
文明4209抹杀了文明4200！
文明4209抹杀了文明3407！
文明4215抹杀了文明4212！
高维文明4220抹杀了低维文明3553!
高维文明4259抹杀了低维文明4072!
高维文明4267抹杀了低维文明4273!
高维文明4267抹杀了低维文明4275!
高维文明4277抹杀了低维文明4276!
高维文明4284抹杀了低维文明2876!
高维文明4284抹杀了低维文明4278!
文明4298抹杀了文明4293！
高维文明4299抹杀了低维文明4303!
文明4299抹杀了文明4315！
文明4299抹杀了文明4317！
文明4299抹杀了文明4327！
文明4299抹杀了文明4344！
高维文明4299抹杀了低维文明4345!
文明4350抹杀了文明4785！
高维文明4353抹杀了低维文明4299!
高维文明4353抹杀了低维文明703!
高维文明4354抹杀了低维文明41!
高维文明4361抹杀了低维文明2797!
文明1714抹杀了文明4365！
高维文明4359抹杀了低维文明4366!
高维文明4371抹杀了低维文明4359!
文明4399抹杀了文明4402！
高维文明4403抹杀了低维文明4399!
高维文明4403抹杀了低维文明4425!
高维文明4403抹杀了低维文明4433!
高维文明4403抹杀了低维文明4438!
高维文明4403抹杀了低维文明4441!
高维文明4451抹杀了低维文明4993!
文明4446抹杀了文明4456！
高维文明4457抹杀了低维文明4446!
文明4457抹杀了文明4466！
文明4457抹杀了文明4467！
文明4468抹杀了文明4457！
高维文明4747抹杀了低维文明4469!
高维文明4471抹杀了低维文明4468!
高维文明4480抹杀了低维文明4474!
高维文明4490抹杀了低维文明4491!
文明4490抹杀了文明4492！
高维文明4494抹杀了低维文明4490!
高维文明4494抹杀了低维文明4495!
高维文明4494抹杀了低维文明4501!
高维文明4506抹杀了低维文明4502!
高维文明4516抹杀了低维文明4513!
高维文明4516抹杀了低维文明4245!
高维文明4534抹杀了低维文明4537!
高维文明4534抹杀了低维文明4543!
高维文明4534抹杀了低维文明4544!
高维文明4534抹杀了低维文明4548!
文明2935抹杀了文明4551！
文明4534抹杀了文明4553！
高维文明4534抹杀了低维文明4554!
文明4534抹杀了文明4565！
文明4534抹杀了文明4566！
高维文明4534抹杀了低维文明4587!
文明4534抹杀了文明4589！
文明4590抹杀了文明4534！
高维文明4602抹杀了低维文明4591!
文明2891抹杀了文明4605！
文明4611抹杀了文明4615！
文明4620抹杀了文明4611！
文明4624抹杀了文明4625！
文明4627抹杀了文明4624！
高维文明4632抹杀了低维文明4627!
高维文明4644抹杀了低维文明4645!
文明4646与文明4648同归于尽！
高维文明4684抹杀了低维文明4681!
高维文明4710抹杀了低维文明4717!
高维文明4710抹杀了低维文明4728!
高维文明4710抹杀了低维文明4730!
高维文明4737抹杀了低维文明3187!
高维文明4710抹杀了低维文明4743!
高维文明4710抹杀了低维文明4747!
高维文明4710抹杀了低维文明4760!
高维文明4764抹杀了低维文明1509!
高维文明4765抹杀了低维文明3953!
高维文明4710抹杀了低维文明4767!
高维文明4710抹杀了低维文明4770!
高维文明4710抹杀了低维文明4774!
高维文明4710抹杀了低维文明4780!
高维文明4710抹杀了低维文明4789!
高维文明4710抹杀了低维文明4796!
高维文明4710抹杀了低维文明4797!
高维文明4710抹杀了低维文明4825!
高维文明4710抹杀了低维文明4833!
文明4710抹杀了文明4834！
高维文明4710抹杀了低维文明4836!
高维文明4710抹杀了低维文明4839!
高维文明4710抹杀了低维文明4841!
高维文明4710抹杀了低维文明4842!
文明4710抹杀了文明4856！
文明4860抹杀了文明4710！
文明4872抹杀了文明4863！
文明2549抹杀了文明4875！
文明4872抹杀了文明4878！
文明4872抹杀了文明4880！
高维文明4872抹杀了低维文明4903!
文明4209抹杀了文明4911！
高维文明4872抹杀了低维文明4913!
文明4872抹杀了文明4918！
文明4872抹杀了文明4919！
文明4920抹杀了文明4872！
高维文明4953抹杀了低维文明1124!
高维文明4953抹杀了低维文明4946!
高维文明4958抹杀了低维文明4953!
高维文明4963抹杀了低维文明4960!
高维文明4966抹杀了低维文明4972!
高维文明4976抹杀了低维文明4970!
高维文明4985抹杀了低维文明4978!
文明4985抹杀了文明4989！
高维文明4991抹杀了低维文明4985!
恭喜文明1成为2级文明
恭喜文明18成为2级文明
恭喜文明28成为2级文明
恭喜文明35成为2级文明
恭喜文明45成为2级文明
恭喜文明48成为2级文明
恭喜文明61成为2级文明
恭喜文明62成为2级文明
恭喜文明66成为2级文明
恭喜文明73成为2级文明
恭喜文明88成为2级文明
恭喜文明89成为2级文明
恭喜文明113成为3级文明
恭喜文明117成为6级文明
恭喜文明117成为7级文明
恭喜文明117成为8级文明
恭喜文明129成为3级文明
恭喜文明131成为2级文明
恭喜文明135成为2级文明
恭喜文明157成为4级文明
恭喜文明157成为5级文明
恭喜文明167成为3级文明
恭喜文明178成为3级文明
恭喜文明187成为2级文明
恭喜文明191成为2级文明
恭喜文明193成为2级文明
恭喜文明196成为2级文明
恭喜文明198成为3级文明
恭喜文明207成为4级文明
恭喜文明207成为5级文明
恭喜文明211成为2级文明
恭喜文明217成为3级文明
恭喜文明229成为5级文明
恭喜文明233成为3级文明
恭喜文明244成为2级文明
恭喜文明255成为2级文明
恭喜文明264成为2级文明
恭喜文明270成为2级文明
恭喜文明279成为2级文明
恭喜文明286成为3级文明
恭喜文明292成为3级文明
恭喜文明307成为2级文明
恭喜文明314成为4级文明
恭喜文明324成为3级文明
恭喜文明328成为3级文明
恭喜文明344成为2级文明
恭喜文明352成为2级文明
恭喜文明355成为2级文明
恭喜文明370成为4级文明
恭喜文明371成为2级文明
恭喜文明402成为4级文明
恭喜文明405成为2级文明
恭喜文明412成为2级文明
恭喜文明419成为5级文明
恭喜文明420成为2级文明
恭喜文明423成为3级文明
恭喜文明424成为2级文明
恭喜文明439成为2级文明
恭喜文明446成为2级文明
恭喜文明463成为2级文明
恭喜文明471成为2级文明
恭喜文明472成为2级文明
恭喜文明473成为2级文明
恭喜文明480成为3级文明
恭喜文明486成为5级文明
恭喜文明486成为6级文明
恭喜文明491成为2级文明
恭喜文明498成为2级文明
恭喜文明500成为2级文明
恭喜文明522成为6级文明
恭喜文明522成为7级文明
恭喜文明522成为8级文明
恭喜文明537成为4级文明
恭喜文明542成为2级文明
恭喜文明546成为3级文明
恭喜文明548成为2级文明
恭喜文明576成为4级文明
恭喜文明579成为2级文明
恭喜文明593成为2级文明
恭喜文明598成为3级文明
恭喜文明601成为3级文明
恭喜文明607成为3级文明
恭喜文明612成为3级文明
恭喜文明626成为2级文明
恭喜文明638成为2级文明
恭喜文明647成为2级文明
恭喜文明648成为2级文明
恭喜文明654成为2级文明
恭喜文明692成为2级文明
恭喜文明698成为2级文明
恭喜文明699成为3级文明
恭喜文明710成为2级文明
恭喜文明715成为2级文明
恭喜文明724成为2级文明
恭喜文明740成为2级文明
恭喜文明755成为2级文明
恭喜文明759成为4级文明
恭喜文明773成为2级文明
恭喜文明784成为2级文明
恭喜文明787成为2级文明
恭喜文明789成为2级文明
恭喜文明803成为2级文明
恭喜文明817成为2级文明
恭喜文明829成为2级文明
恭喜文明853成为2级文明
恭喜文明870成为2级文明
恭喜文明893成为3级文明
恭喜文明906成为2级文明
恭喜文明911成为2级文明
恭喜文明912成为2级文明
恭喜文明923成为2级文明
恭喜文明924成为5级文明
恭喜文明924成为6级文明
恭喜文明924成为7级文明
恭喜文明925成为2级文明
恭喜文明940成为2级文明
恭喜文明951成为2级文明
恭喜文明954成为3级文明
恭喜文明955成为2级文明
恭喜文明962成为3级文明
恭喜文明979成为3级文明
恭喜文明979成为4级文明
恭喜文明1024成为2级文明
恭喜文明1042成为3级文明
恭喜文明1048成为2级文明
恭喜文明1052成为2级文明
恭喜文明1071成为3级文明
恭喜文明1091成为5级文明
恭喜文明1097成为2级文明
恭喜文明1104成为2级文明
恭喜文明1115成为3级文明
恭喜文明1116成为3级文明
恭喜文明1128成为4级文明
恭喜文明1137成为2级文明
恭喜文明1154成为2级文明
恭喜文明1162成为3级文明
恭喜文明1200成为2级文明
恭喜文明1233成为2级文明
恭喜文明1236成为2级文明
恭喜文明1240成为2级文明
恭喜文明1243成为2级文明
恭喜文明1245成为2级文明
恭喜文明1273成为2级文明
恭喜文明1297成为2级文明
恭喜文明1303成为3级文明
恭喜文明1323成为2级文明
恭喜文明1344成为2级文明
恭喜文明1358成为2级文明
恭喜文明1364成为2级文明
恭喜文明1380成为2级文明
恭喜文明1383成为4级文明
恭喜文明1383成为5级文明
恭喜文明1397成为2级文明
恭喜文明1401成为4级文明
恭喜文明1404成为2级文明
恭喜文明1413成为2级文明
恭喜文明1419成为2级文明
恭喜文明1437成为5级文明
恭喜文明1454成为2级文明
恭喜文明1476成为2级文明
恭喜文明1479成为2级文明
恭喜文明1480成为2级文明
恭喜文明1510成为2级文明
恭喜文明1515成为2级文明
恭喜文明1518成为3级文明
恭喜文明1528成为2级文明
恭喜文明1530成为2级文明
恭喜文明1562成为2级文明
恭喜文明1563成为2级文明
恭喜文明1565成为2级文明
恭喜文明1581成为3级文明
恭喜文明1582成为4级文明
恭喜文明1586成为2级文明
恭喜文明1623成为2级文明
恭喜文明1634成为3级文明
恭喜文明1664成为2级文明
恭喜文明1670成为2级文明
恭喜文明1671成为2级文明
恭喜文明1710成为2级文明
恭喜文明1711成为2级文明
恭喜文明1712成为2级文明
恭喜文明1714成为2级文明
恭喜文明1743成为2级文明
恭喜文明1757成为2级文明
恭喜文明1761成为2级文明
恭喜文明1762成为2级文明
恭喜文明1778成为2级文明
恭喜文明1806成为2级文明
恭喜文明1813成为2级文明
恭喜文明1831成为2级文明
恭喜文明1833成为2级文明
恭喜文明1846成为3级文明
恭喜文明1853成为3级文明
恭喜文明1882成为3级文明
恭喜文明1906成为2级文明
恭喜文明1919成为4级文明
恭喜文明1919成为5级文明
恭喜文明1928成为2级文明
恭喜文明1941成为2级文明
恭喜文明1944成为3级文明
恭喜文明1958成为2级文明
恭喜文明1964成为4级文明
恭喜文明1972成为2级文明
恭喜文明1976成为2级文明
恭喜文明1998成为3级文明
恭喜文明1999成为2级文明
恭喜文明2029成为2级文明
恭喜文明2038成为2级文明
恭喜文明2049成为2级文明
恭喜文明2053成为4级文明
恭喜文明2053成为5级文明
恭喜文明2064成为2级文明
恭喜文明2067成为2级文明
恭喜文明2072成为2级文明
恭喜文明2089成为2级文明
恭喜文明2097成为2级文明
恭喜文明2115成为2级文明
恭喜文明2117成为2级文明
恭喜文明2134成为2级文明
恭喜文明2135成为2级文明
恭喜文明2147成为2级文明
恭喜文明2156成为4级文明
恭喜文明2156成为5级文明
恭喜文明2194成为2级文明
恭喜文明2206成为2级文明
恭喜文明2214成为2级文明
恭喜文明2215成为2级文明
恭喜文明2216成为4级文明
恭喜文明2216成为5级文明
恭喜文明2223成为2级文明
恭喜文明2239成为2级文明
恭喜文明2246成为3级文明
恭喜文明2249成为2级文明
恭喜文明2263成为4级文明
恭喜文明2265成为3级文明
恭喜文明2272成为3级文明
恭喜文明2284成为2级文明
恭喜文明2287成为2级文明
恭喜文明2330成为2级文明
恭喜文明2337成为2级文明
恭喜文明2345成为2级文明
恭喜文明2348成为2级文明
恭喜文明2358成为2级文明
恭喜文明2382成为3级文明
恭喜文明2383成为2级文明
恭喜文明2405成为2级文明
恭喜文明2419成为2级文明
恭喜文明2433成为2级文明
恭喜文明2446成为2级文明
恭喜文明2453成为6级文明
恭喜文明2453成为7级文明
恭喜文明2453成为8级文明
恭喜文明2466成为4级文明
恭喜文明2475成为3级文明
恭喜文明2487成为2级文明
恭喜文明2488成为2级文明
恭喜文明2512成为2级文明
恭喜文明2517成为2级文明
恭喜文明2523成为3级文明
恭喜文明2524成为2级文明
恭喜文明2544成为3级文明
恭喜文明2549成为3级文明
恭喜文明2551成为2级文明
恭喜文明2556成为3级文明
恭喜文明2560成为4级文明
恭喜文明2595成为5级文明
恭喜文明2595成为6级文明
恭喜文明2600成为2级文明
恭喜文明2601成为2级文明
恭喜文明2612成为2级文明
恭喜文明2617成为4级文明
恭喜文明2625成为2级文明
恭喜文明2629成为2级文明
恭喜文明2641成为4级文明
恭喜文明2666成为2级文明
恭喜文明2668成为3级文明
恭喜文明2679成为3级文明
恭喜文明2680成为2级文明
恭喜文明2698成为3级文明
恭喜文明2705成为2级文明
恭喜文明2707成为2级文明
恭喜文明2708成为3级文明
恭喜文明2715成为3级文明
恭喜文明2731成为2级文明
恭喜文明2739成为2级文明
恭喜文明2751成为3级文明
恭喜文明2773成为2级文明
恭喜文明2792成为3级文明
恭喜文明2808成为2级文明
恭喜文明2813成为4级文明
恭喜文明2827成为2级文明
恭喜文明2831成为3级文明
恭喜文明2843成为4级文明
恭喜文明2867成为2级文明
恭喜文明2868成为2级文明
恭喜文明2871成为5级文明
恭喜文明2886成为2级文明
恭喜文明2891成为2级文明
恭喜文明2913成为2级文明
恭喜文明2926成为2级文明
恭喜文明2934成为2级文明
恭喜文明2935成为3级文明
恭喜文明2941成为2级文明
恭喜文明2972成为2级文明
恭喜文明2986成为3级文明
恭喜文明2992成为4级文明
恭喜文明2992成为5级文明
恭喜文明2997成为2级文明
恭喜文明3014成为2级文明
恭喜文明3023成为2级文明
恭喜文明3030成为3级文明
恭喜文明3033成为3级文明
恭喜文明3042成为4级文明
恭喜文明3053成为2级文明
恭喜文明3067成为4级文明
恭喜文明3070成为2级文明
恭喜文明3071成为2级文明
恭喜文明3081成为3级文明
恭喜文明3084成为4级文明
恭喜文明3085成为2级文明
恭喜文明3098成为2级文明
恭喜文明3104成为2级文明
恭喜文明3105成为3级文明
恭喜文明3129成为2级文明
恭喜文明3137成为2级文明
恭喜文明3149成为6级文明
恭喜文明3158成为3级文明
恭喜文明3168成为2级文明
恭喜文明3171成为2级文明
恭喜文明3204成为3级文明
恭喜文明3215成为6级文明
恭喜文明3215成为7级文明
恭喜文明3215成为8级文明
恭喜文明3222成为2级文明
恭喜文明3227成为3级文明
恭喜文明3238成为2级文明
恭喜文明3239成为3级文明
恭喜文明3245成为4级文明
恭喜文明3250成为2级文明
恭喜文明3265成为2级文明
恭喜文明3269成为2级文明
恭喜文明3275成为2级文明
恭喜文明3276成为2级文明
恭喜文明3283成为6级文明
恭喜文明3283成为7级文明
恭喜文明3283成为8级文明
恭喜文明3296成为2级文明
恭喜文明3297成为2级文明
恭喜文明3316成为4级文明
恭喜文明3319成为2级文明
恭喜文明3325成为3级文明
恭喜文明3327成为2级文明
恭喜文明3344成为3级文明
恭喜文明3362成为2级文明
恭喜文明3364成为3级文明
恭喜文明3366成为2级文明
恭喜文明3367成为2级文明
恭喜文明3383成为2级文明
恭喜文明3389成为2级文明
恭喜文明3405成为3级文明
恭喜文明3420成为2级文明
恭喜文明3425成为2级文明
恭喜文明3431成为3级文明
恭喜文明3449成为2级文明
恭喜文明3461成为2级文明
恭喜文明3501成为2级文明
恭喜文明3503成为2级文明
恭喜文明3510成为3级文明
恭喜文明3511成为2级文明
恭喜文明3512成为2级文明
恭喜文明3523成为3级文明
恭喜文明3524成为2级文明
恭喜文明3526成为2级文明
恭喜文明3531成为2级文明
恭喜文明3537成为2级文明
恭喜文明3549成为2级文明
恭喜文明3570成为3级文明
恭喜文明3593成为2级文明
恭喜文明3612成为2级文明
恭喜文明3615成为2级文明
恭喜文明3647成为2级文明
恭喜文明3659成为2级文明
恭喜文明3669成为2级文明
恭喜文明3703成为2级文明
恭喜文明3711成为2级文明
恭喜文明3723成为2级文明
恭喜文明3728成为2级文明
恭喜文明3741成为2级文明
恭喜文明3742成为2级文明
恭喜文明3748成为2级文明
恭喜文明3765成为4级文明
恭喜文明3765成为5级文明
恭喜文明3767成为3级文明
恭喜文明3773成为2级文明
恭喜文明3781成为3级文明
恭喜文明3782成为2级文明
恭喜文明3795成为3级文明
恭喜文明3797成为2级文明
恭喜文明3801成为2级文明
恭喜文明3815成为2级文明
恭喜文明3818成为3级文明
恭喜文明3819成为3级文明
恭喜文明3846成为2级文明
恭喜文明3856成为2级文明
恭喜文明3890成为3级文明
恭喜文明3893成为2级文明
恭喜文明3921成为2级文明
恭喜文明3925成为2级文明
恭喜文明3926成为2级文明
恭喜文明3932成为2级文明
恭喜文明3944成为2级文明
恭喜文明3975成为2级文明
恭喜文明3990成为3级文明
恭喜文明3994成为3级文明
恭喜文明4020成为3级文明
恭喜文明4028成为2级文明
恭喜文明4038成为2级文明
恭喜文明4049成为2级文明
恭喜文明4051成为2级文明
恭喜文明4052成为3级文明
恭喜文明4056成为2级文明
恭喜文明4068成为2级文明
恭喜文明4071成为2级文明
恭喜文明4088成为2级文明
恭喜文明4094成为5级文明
恭喜文明4096成为3级文明
恭喜文明4097成为2级文明
恭喜文明4105成为2级文明
恭喜文明4108成为2级文明
恭喜文明4110成为3级文明
恭喜文明4128成为2级文明
恭喜文明4129成为2级文明
恭喜文明4147成为4级文明
恭喜文明4156成为5级文明
恭喜文明4156成为6级文明
恭喜文明4163成为2级文明
恭喜文明4164成为2级文明
恭喜文明4170成为2级文明
恭喜文明4171成为2级文明
恭喜文明4175成为5级文明
恭喜文明4175成为6级文明
恭喜文明4194成为4级文明
恭喜文明4203成为2级文明
恭喜文明4204成为2级文明
恭喜文明4205成为2级文明
恭喜文明4209成为3级文明
恭喜文明4220成为3级文明
恭喜文明4238成为2级文明
恭喜文明4256成为2级文明
恭喜文明4259成为4级文明
恭喜文明4263成为2级文明
恭喜文明4267成为5级文明
恭喜文明4269成为2级文明
恭喜文明4277成为3级文明
恭喜文明4284成为4级文明
恭喜文明4289成为2级文明
恭喜文明4292成为3级文明
恭喜文明4331成为2级文明
恭喜文明4334成为2级文明
恭喜文明4337成为2级文明
恭喜文明4350成为2级文明
恭喜文明4353成为4级文明
恭喜文明4353成为5级文明
恭喜文明4354成为3级文明
恭喜文明4361成为3级文明
恭喜文明4371成为4级文明
恭喜文明4381成为2级文明
恭喜文明4383成为2级文明
恭喜文明4403成为5级文明
恭喜文明4403成为6级文明
恭喜文明4411成为2级文明
恭喜文明4413成为2级文明
恭喜文明4416成为2级文明
恭喜文明4429成为2级文明
恭喜文明4436成为2级文明
恭喜文明4444成为2级文明
恭喜文明4445成为2级文明
恭喜文明4448成为2级文明
恭喜文明4450成为2级文明
恭喜文明4451成为3级文明
恭喜文明4464成为2级文明
恭喜文明4471成为4级文明
恭喜文明4494成为5级文明
恭喜文明4494成为6级文明
恭喜文明4503成为2级文明
恭喜文明4506成为4级文明
恭喜文明4512成为2级文明
恭喜文明4516成为4级文明
恭喜文明4518成为2级文明
恭喜文明4523成为2级文明
恭喜文明4567成为2级文明
恭喜文明4577成为2级文明
恭喜文明4585成为2级文明
恭喜文明4588成为2级文明
恭喜文明4590成为3级文明
恭喜文明4597成为2级文明
恭喜文明4613成为2级文明
恭喜文明4620成为3级文明
恭喜文明4628成为2级文明
恭喜文明4632成为3级文明
恭喜文明4636成为3级文明
恭喜文明4644成为3级文明
恭喜文明4671成为2级文明
恭喜文明4684成为3级文明
恭喜文明4691成为2级文明
恭喜文明4713成为2级文明
恭喜文明4727成为2级文明
恭喜文明4729成为3级文明
恭喜文明4733成为2级文明
恭喜文明4737成为3级文明
恭喜文明4738成为2级文明
恭喜文明4752成为2级文明
恭喜文明4753成为2级文明
恭喜文明4764成为3级文明
恭喜文明4783成为2级文明
恭喜文明4791成为2级文明
恭喜文明4840成为2级文明
恭喜文明4860成为4级文明
恭喜文明4860成为5级文明
恭喜文明4860成为6级文明
恭喜文明4908成为2级文明
恭喜文明4920成为3级文明
恭喜文明4949成为2级文明
恭喜文明4958成为5级文明
恭喜文明4958成为6级文明
恭喜文明4963成为4级文明
恭喜文明4966成为5级文明
恭喜文明4967成为2级文明
恭喜文明4976成为3级文明
恭喜文明4991成为4级文明
恭喜文明4991成为5级文明
恭喜文明5000成为2级文明
剩余文明数量：1336

第7回合：
高维文明18抹杀了低维文明2!
高维文明21抹杀了低维文明26!
高维文明21抹杀了低维文明28!
高维文明21抹杀了低维文明35!
高维文明21抹杀了低维文明39!
高维文明21抹杀了低维文明45!
高维文明21抹杀了低维文明48!
高维文明21抹杀了低维文明56!
高维文明21抹杀了低维文明61!
高维文明21抹杀了低维文明62!
文明412抹杀了文明73！
高维文明21抹杀了低维文明89!
高维文明21抹杀了低维文明97!
高维文明21抹杀了低维文明100!
高维文明21抹杀了低维文明107!
文明109抹杀了文明1710！
高维文明21抹杀了低维文明109!
文明21抹杀了文明113！
文明21与文明127同归于尽！
高维文明129抹杀了低维文明134!
高维文明129抹杀了低维文明137!
高维文明129抹杀了低维文明141!
高维文明129抹杀了低维文明151!
高维文明157抹杀了低维文明129!
高维文明183抹杀了低维文明198!
高维文明199抹杀了低维文明218!
高维文明221抹杀了低维文明249!
文明199抹杀了文明232！
高维文明233抹杀了低维文明199!
高维文明233抹杀了低维文明244!
高维文明245抹杀了低维文明233!
文明248抹杀了文明2029！
文明269抹杀了文明3537！
高维文明269抹杀了低维文明268!
高维文明269抹杀了低维文明271!
高维文明1128抹杀了低维文明286!
高维文明292抹杀了低维文明771!
文明306抹杀了文明4362！
文明269抹杀了文明316！
高维文明321抹杀了低维文明3077!
高维文明324抹杀了低维文明150!
高维文明325抹杀了低维文明269!
文明2079抹杀了文明334！
文明353抹杀了文明4727！
高维文明370抹杀了低维文明606!
文明4950抹杀了文明380！
高维文明397抹杀了低维文明386!
文明397抹杀了文明398！
高维文明402抹杀了低维文明397!
高维文明402抹杀了低维文明405!
高维文明402抹杀了低维文明410!
高维文明18抹杀了低维文明411!
高维文明402抹杀了低维文明412!
高维文明402抹杀了低维文明420!
高维文明402抹杀了低维文明423!
文明2996抹杀了文明424！
高维文明402抹杀了低维文明426!
高维文明4713抹杀了低维文明436!
高维文明402抹杀了低维文明439!
高维文明402抹杀了低维文明446!
高维文明402抹杀了低维文明459!
文明4097抹杀了文明464！
文明1687抹杀了文明483！
高维文明486抹杀了低维文明402!
文明517抹杀了文明491！
文明527抹杀了文明376！
高维文明3325抹杀了低维文明531!
高维文明537抹杀了低维文明2282!
高维文明537抹杀了低维文明536!
高维文明542抹杀了低维文明1752!
高维文明537抹杀了低维文明548!
高维文明537抹杀了低维文明560!
高维文明537抹杀了低维文明572!
文明537抹杀了文明576！
文明3852抹杀了文明577！
高维文明537抹杀了低维文明583!
高维文明537抹杀了低维文明593!
高维文明537抹杀了低维文明596!
高维文明537抹杀了低维文明598!
高维文明537抹杀了低维文明604!
高维文明537抹杀了低维文明612!
高维文明4302抹杀了低维文明614!
高维文明537抹杀了低维文明617!
高维文明537抹杀了低维文明619!
高维文明537抹杀了低维文明622!
高维文明3512抹杀了低维文明639!
高维文明537抹杀了低维文明648!
高维文明660抹杀了低维文明537!
文明672抹杀了文明694！
文明698抹杀了文明672！
高维文明699抹杀了低维文明705!
高维文明699抹杀了低维文明706!
文明710抹杀了文明3801！
文明4567抹杀了文明715！
高维文明699抹杀了低维文明724!
文明699抹杀了文明732！
高维文明699抹杀了低维文明739!
高维文明699抹杀了低维文明755!
高维文明759抹杀了低维文明699!
文明3549抹杀了文明773！
高维文明2446抹杀了低维文明781!
高维文明772抹杀了低维文明787!
高维文明772抹杀了低维文明789!
高维文明772抹杀了低维文明794!
高维文明772抹杀了低维文明817!
高维文明772抹杀了低维文明820!
高维文明772抹杀了低维文明823!
高维文明829抹杀了低维文明985!
高维文明772抹杀了低维文明831!
文明772抹杀了文明834！
高维文明772抹杀了低维文明846!
高维文明772抹杀了低维文明852!
高维文明772抹杀了低维文明853!
文明772抹杀了文明893！
文明772与文明906同归于尽！
文明911抹杀了文明912！
文明917抹杀了文明911！
文明919抹杀了文明923！
文明919抹杀了文明931！
高维文明934抹杀了低维文明4246!
文明934抹杀了文明1594！
文明938抹杀了文明919！
文明938抹杀了文明940！
文明951抹杀了文明938！
高维文明962抹杀了低维文明2764!
高维文明968抹杀了低维文明963!
文明968抹杀了文明971！
高维文明981抹杀了低维文明968!
文明1001抹杀了文明999！
文明1001抹杀了文明1019！
文明1001抹杀了文明1024！
文明1028抹杀了文明1001！
文明1028抹杀了文明1034！
高维文明1038抹杀了低维文明1028!
文明1052抹杀了文明1053！
文明1052抹杀了文明1057！
文明1058抹杀了文明1052！
文明3412抹杀了文明1115！
高维文明1091抹杀了低维文明1128!
高维文明1104抹杀了低维文明1176!
文明1187抹杀了文明51！
文明1134抹杀了文明1200！
文明1134抹杀了文明1204！
文明1224抹杀了文明1217！
高维文明1243抹杀了低维文明1579!
文明1279抹杀了文明1271！
文明542抹杀了文明1305！
文明1344抹杀了文明2978！
高维文明1303抹杀了低维文明1364!
高维文明1367抹杀了低维文明661!
高维文明1303抹杀了低维文明1368!
高维文明1303抹杀了低维文明1371!
高维文明1303抹杀了低维文明1376!
高维文明1383抹杀了低维文明1303!
高维文明1404抹杀了低维文明3447!
文明1477抹杀了文明4148！
文明1491抹杀了文明1497！
文明1515抹杀了文明1491！
高维文明1518抹杀了低维文明1517!
高维文明1530抹杀了低维文明1525!
文明1530抹杀了文明1553！
高维文明1530抹杀了低维文明1554!
文明1530抹杀了文明1557！
文明1530抹杀了文明1565！
高维文明1582抹杀了低维文明1530!
高维文明1582抹杀了低维文明1535!
文明3653抹杀了文明1617！
文明730抹杀了文明1623！
高维文明1634抹杀了低维文明1584!
文明3873抹杀了文明1660！
高维文明1729抹杀了低维文明4633!
高维文明542抹杀了低维文明1734!
文明1755抹杀了文明1736！
文明1755抹杀了文明1757！
文明1755抹杀了文明1761！
文明1762抹杀了文明1755！
文明1788抹杀了文明3872！
高维文明1804抹杀了低维文明1793!
高维文明1804抹杀了低维文明1806!
文明1813抹杀了文明4613！
高维文明1804抹杀了低维文明1819!
高维文明1804抹杀了低维文明1822!
高维文明1976抹杀了低维文明1840!
高维文明1804抹杀了低维文明1845!
文明1804抹杀了文明1846！
文明1804抹杀了文明1853！
高维文明1804抹杀了低维文明1857!
高维文明1804抹杀了低维文明1870!
高维文明1804抹杀了低维文明1877!
高维文明1804抹杀了低维文明1878!
高维文明1804抹杀了低维文明1886!
高维文明1919抹杀了低维文明1804!
高维文明1919抹杀了低维文明4127!
文明1930抹杀了文明1935！
文明1942抹杀了文明1930！
高维文明1944抹杀了低维文明2226!
高维文明1944抹杀了低维文明373!
文明1025抹杀了文明1955！
文明1972抹杀了文明1971！
文明1972抹杀了文明1980！
文明1990抹杀了文明1972！
高维文明2015抹杀了低维文明1990!
高维文明1762抹杀了低维文明2035!
文明2039抹杀了文明886！
高维文明2039抹杀了低维文明2866!
文明2041抹杀了文明2031！
高维文明2049抹杀了低维文明2041!
文明542抹杀了文明2057！
高维文明5000抹杀了低维文明2078!
文明2088抹杀了文明542！
文明2099抹杀了文明2089！
高维文明2110抹杀了低维文明1032!
文明1104抹杀了文明2117！
高维文明2115抹杀了低维文明2126!
文明2115抹杀了文明2134！
文明2115抹杀了文明2135！
文明2153抹杀了文明2115！
高维文明2156抹杀了低维文明2246!
文明2170抹杀了文明2318！
高维文明2215抹杀了低维文明2166!
文明3856抹杀了文明2234！
文明2812抹杀了文明2243！
文明1344抹杀了文明2247！
文明2232抹杀了文明2250！
高维文明2263抹杀了低维文明2232!
高维文明2263抹杀了低维文明2265!
高维文明2263抹杀了低维文明2272!
文明3741抹杀了文明2277！
高维文明2263抹杀了低维文明2287!
高维文明2263抹杀了低维文明2288!
高维文明2263抹杀了低维文明2293!
高维文明2263抹杀了低维文明2330!
高维文明2263抹杀了低维文明2345!
高维文明2263抹杀了低维文明2358!
文明4038抹杀了文明2383！
高维文明2263抹杀了低维文明2385!
高维文明2263抹杀了低维文明2398!
高维文明2263抹杀了低维文明2403!
高维文明2263抹杀了低维文明2407!
高维文明2263抹杀了低维文明2433!
高维文明2263抹杀了低维文明2446!
文明2263抹杀了文明2466！
文明2123抹杀了文明2487！
高维文明2936抹杀了低维文明2488!
高维文明2263抹杀了低维文明2494!
高维文明2263抹杀了低维文明2512!
高维文明2263抹杀了低维文明2516!
高维文明2263抹杀了低维文明2517!
高维文明2263抹杀了低维文明2523!
高维文明2263抹杀了低维文明2527!
高维文明2263抹杀了低维文明2544!
高维文明2263抹杀了低维文明2551!
高维文明2556抹杀了低维文明2731!
高维文明2560抹杀了低维文明925!
文明2263抹杀了文明2560！
高维文明3153抹杀了低维文明2565!
文明2586抹杀了文明1051！
文明2263与文明2600同归于尽！
高维文明2606抹杀了低维文明1136!
高维文明2612抹杀了低维文明401!
高维文明2617抹杀了低维文明2032!
文明2615抹杀了文明2620！
文明2623抹杀了文明2615！
高维文明2629抹杀了低维文明2635!
高维文明2641抹杀了低维文明2629!
高维文明2668抹杀了低维文明3104!
高维文明2668抹杀了低维文明2671!
高维文明2668抹杀了低维文明2680!
高维文明2708抹杀了低维文明3713!
高维文明2715抹杀了低维文明2713!
高维文明2715抹杀了低维文明2746!
文明2748抹杀了文明3014！
高维文明2715抹杀了低维文明2758!
高维文明2715抹杀了低维文明2769!
高维文明2715抹杀了低维文明2773!
高维文明2784抹杀了低维文明2715!
高维文明2789抹杀了低维文明2240!
高维文明2801抹杀了低维文明2798!
高维文明2801抹杀了低维文明2804!
高维文明2801抹杀了低维文明2806!
高维文明2813抹杀了低维文明2801!
高维文明2831抹杀了低维文明2816!
高维文明2843抹杀了低维文明3652!
高维文明2855抹杀了低维文明2863!
文明4102抹杀了文明2867！
高维文明2886抹杀了低维文明2896!
文明2904抹杀了文明2886！
文明2969抹杀了文明2947！
文明2969抹杀了文明2970！
高维文明2986抹杀了低维文明2969!
高维文明3010抹杀了低维文明3009!
文明3010抹杀了文明3017！
文明3020抹杀了文明3010！
文明365抹杀了文明3031！
高维文明4284抹杀了低维文明3049!
文明3037抹杀了文明3053！
文明3037抹杀了文明3056！
文明3070抹杀了文明3269！
文明1104抹杀了文明3071！
文明3037抹杀了文明3080！
高维文明3081抹杀了低维文明3037!
高维文明3084抹杀了低维文明3081!
高维文明3084抹杀了低维文明4189!
高维文明3084抹杀了低维文明3085!
高维文明3084抹杀了低维文明3094!
高维文明3084抹杀了低维文明3105!
高维文明3084抹杀了低维文明3112!
高维文明3129抹杀了低维文明3117!
文明3138抹杀了文明3137！
高维文明4124抹杀了低维文明3140!
文明3156抹杀了文明810！
文明3165抹杀了文明3164！
文明3184抹杀了文明3171！
文明3190抹杀了文明3184！
高维文明4147抹杀了低维文明3199!
文明3233抹杀了文明1104！
高维文明324抹杀了低维文明3233!
文明3138抹杀了文明3243！
高维文明2214抹杀了低维文明3252!
高维文明3260抹杀了低维文明3258!
文明3285抹杀了文明3265！
文明3297抹杀了文明3323！
高维文明3325抹杀了低维文明3297!
高维文明3325抹杀了低维文明3394!
高维文明3329抹杀了低维文明3327!
高维文明3329抹杀了低维文明3332!
高维文明3329抹杀了低维文明3344!
高维文明3329抹杀了低维文明3350!
高维文明3363抹杀了低维文明3359!
文明3363抹杀了文明3367！
文明3363与文明3381同归于尽！
高维文明2843抹杀了低维文明3383!
高维文明3397抹杀了低维文明3402!
高维文明3405抹杀了低维文明3397!
高维文明3456抹杀了低维文明3454!
高维文明3487抹杀了低维文明1146!
高维文明3504抹杀了低维文明3468!
高维文明3504抹杀了低维文明3507!
文明3504抹杀了文明3510！
高维文明3504抹杀了低维文明3511!
高维文明3504抹杀了低维文明3524!
文明3527抹杀了文明2930！
高维文明3504抹杀了低维文明3531!
高维文明3504抹杀了低维文明3535!
高维文明3504抹杀了低维文明3536!
高维文明3504抹杀了低维文明3538!
高维文明3504抹杀了低维文明3548!
高维文明3504抹杀了低维文明3549!
高维文明3504抹杀了低维文明3564!
高维文明3504抹杀了低维文明3565!
高维文明3504抹杀了低维文明3569!
文明3504抹杀了文明3570！
高维文明3576抹杀了低维文明3504!
文明3138抹杀了文明3621！
高维文明3628抹杀了低维文明3669!
文明3138抹杀了文明3639！
文明3684抹杀了文明3662！
文明3707抹杀了文明3684！
高维文明3735抹杀了低维文明3707!
文明3735抹杀了文明3742！
文明3745抹杀了文明3735！
高维文明3771抹杀了低维文明3759!
高维文明546抹杀了低维文明3772!
文明3781抹杀了文明3771！
高维文明3781抹杀了低维文明3782!
高维文明3781抹杀了低维文明3787!
高维文明3781抹杀了低维文明3794!
文明3781抹杀了文明3795！
高维文明3781抹杀了低维文明3803!
高维文明3781抹杀了低维文明3815!
高维文明3781抹杀了低维文明3836!
高维文明3781抹杀了低维文明3847!
高维文明2679抹杀了低维文明3852!
高维文明3781抹杀了低维文明3856!
文明3781抹杀了文明3876！
高维文明3879抹杀了低维文明876!
文明3781与文明3879同归于尽！
文明3893抹杀了文明3903！
文明3893抹杀了文明3906！
文明3909抹杀了文明3893！
文明3925抹杀了文明3909！
文明3927抹杀了文明3925！
文明3927抹杀了文明4289！
高维文明740抹杀了低维文明3962!
文明3969抹杀了文明4498！
文明3138抹杀了文明3975！
高维文明3994抹杀了低维文明4015!
高维文明4020抹杀了低维文明712!
高维文明3994抹杀了低维文明4049!
高维文明3994抹杀了低维文明4051!
高维文明3994抹杀了低维文明4071!
高维文明4094抹杀了低维文明3994!
文明4102抹杀了文明4099！
高维文明4117抹杀了低维文明4102!
高维文明4110抹杀了低维文明4113!
高维文明4110抹杀了低维文明4115!
文明4121抹杀了文明4110！
高维文明4162抹杀了低维文明4157!
文明4164抹杀了文明4163！
高维文明4194抹杀了低维文明1688!
高维文明4204抹杀了低维文明2840!
文明4218抹杀了文明4101！
高维文明4220抹杀了低维文明4202!
高维文明4227抹杀了低维文明4232!
高维文明4227抹杀了低维文明4238!
高维文明4227抹杀了低维文明4252!
高维文明4227抹杀了低维文明4256!
高维文明4227抹杀了低维文明4263!
高维文明4267抹杀了低维文明4227!
高维文明4269抹杀了低维文明4268!
文明4283抹杀了文明4279！
高维文明4284抹杀了低维文明3384!
高维文明4284抹杀了低维文明3210!
高维文明4287抹杀了低维文明4283!
高维文明4302抹杀了低维文明4314!
高维文明4353抹杀了低维文明4302!
高维文明4354抹杀了低维文明4368!
高维文明4354抹杀了低维文明4381!
高维文明4354抹杀了低维文明4383!
高维文明4354抹杀了低维文明4390!
文明4405抹杀了文明3900！
高维文明4354抹杀了低维文明4407!
文明4411抹杀了文明3960！
高维文明4354抹杀了低维文明4415!
高维文明4354抹杀了低维文明4417!
高维文明4354抹杀了低维文明4429!
高维文明4354抹杀了低维文明4436!
高维文明4443抹杀了低维文明4354!
高维文明3042抹杀了低维文明4444!
高维文明4451抹杀了低维文明131!
高维文明4452抹杀了低维文明3592!
文明4464抹杀了文明4450！
高维文明4471抹杀了低维文明4480!
高维文明4471抹杀了低维文明4485!
高维文明4488抹杀了低维文明4463!
高维文明4494抹杀了低维文明4471!
文明4931抹杀了文明4503！
高维文明4512抹杀了低维文明4499!
文明4517抹杀了文明4452！
高维文明4517抹杀了低维文明4514!
文明4517抹杀了文明4518！
文明4523抹杀了文明4517！
文明4523抹杀了文明4524！
文明4525抹杀了文明4523！
高维文明4453抹杀了低维文明4562!
高维文明4569抹杀了低维文明4568!
文明3612抹杀了文明4585！
高维文明4590抹杀了低维文明1479!
文明4602抹杀了文明4586！
文明4609与文明2981同归于尽！
高维文明2015抹杀了低维文明4616!
高维文明178抹杀了低维文明4628!
文明4643抹杀了文明4622！
文明4647抹杀了文明4654！
文明4647抹杀了文明4655！
文明3456抹杀了文明4657！
文明4647抹杀了文明4662！
高维文明4647抹杀了低维文明4663!
文明4647抹杀了文明4671！
文明4647与文明4686同归于尽！
文明4689抹杀了文明4691！
高维文明4729抹杀了低维文明4689!
高维文明4729抹杀了低维文明4733!
高维文明4738抹杀了低维文明1016!
高维文明4729抹杀了低维文明4752!
文明1944抹杀了文明4762！
文明4729抹杀了文明4764！
文明4729抹杀了文明4765！
高维文明4729抹杀了低维文明4775!
高维文明4729抹杀了低维文明4782!
高维文明4729抹杀了低维文明4783!
高维文明4729抹杀了低维文明4787!
高维文明4729抹杀了低维文明4804!
高维文明4729抹杀了低维文明4832!
高维文明4729抹杀了低维文明4840!
文明4729抹杀了文明4847！
文明4729与文明4857同归于尽！
高维文明4882抹杀了低维文明4898!
高维文明4901抹杀了低维文明4882!
高维文明4901抹杀了低维文明4920!
高维文明4923抹杀了低维文明1589!
高维文明4901抹杀了低维文明4924!
高维文明4935抹杀了低维文明4929!
文明4935抹杀了文明1075！
高维文明75抹杀了低维文明4947!
文明4949抹杀了文明3138！
高维文明4956抹杀了低维文明4939!
高维文明4959抹杀了低维文明193!
高维文明4966抹杀了低维文明4959!
恭喜文明18成为3级文明
恭喜文明31成为2级文明
恭喜文明43成为2级文明
恭喜文明50成为2级文明
恭喜文明67成为2级文明
恭喜文明75成为4级文明
恭喜文明157成为6级文明
恭喜文明157成为7级文明
恭喜文明178成为4级文明
恭喜文明183成为6级文明
恭喜文明221成为3级文明
恭喜文明228成为3级文明
恭喜文明245成为5级文明
恭喜文明245成为6级文明
恭喜文明250成为2级文明
恭喜文明251成为3级文明
恭喜文明263成为2级文明
恭喜文明288成为2级文明
恭喜文明292成为4级文明
恭喜文明306成为3级文明
恭喜文明308成为2级文明
恭喜文明321成为3级文明
恭喜文明324成为4级文明
恭喜文明325成为4级文明
恭喜文明325成为5级文明
恭喜文明335成为2级文明
恭喜文明345成为2级文明
恭喜文明361成为2级文明
恭喜文明365成为3级文明
恭喜文明370成为5级文明
恭喜文明453成为2级文明
恭喜文明486成为7级文明
恭喜文明486成为8级文明
恭喜文明486成为9级文明
恭喜文明489成为2级文明
恭喜文明517成为3级文明
恭喜文明524成为2级文明
恭喜文明527成为3级文明
恭喜文明529成为2级文明
恭喜文明549成为2级文明
恭喜文明555成为2级文明
恭喜文明582成为2级文明
恭喜文明587成为2级文明
恭喜文明628成为2级文明
恭喜文明630成为2级文明
恭喜文明633成为2级文明
恭喜文明636成为3级文明
恭喜文明660成为6级文明
恭喜文明660成为7级文明
恭喜文明660成为8级文明
恭喜文明675成为2级文明
恭喜文明698成为3级文明
恭喜文明740成为3级文明
恭喜文明750成为2级文明
恭喜文明751成为2级文明
恭喜文明759成为5级文明
恭喜文明759成为6级文明
恭喜文明759成为7级文明
恭喜文明797成为2级文明
恭喜文明851成为2级文明
恭喜文明880成为2级文明
恭喜文明902成为2级文明
恭喜文明917成为3级文明
恭喜文明934成为3级文明
恭喜文明942成为2级文明
恭喜文明951成为3级文明
恭喜文明953成为2级文明
恭喜文明960成为2级文明
恭喜文明981成为5级文明
恭喜文明1013成为2级文明
恭喜文明1025成为3级文明
恭喜文明1038成为4级文明
恭喜文明1043成为2级文明
恭喜文明1058成为3级文明
恭喜文明1077成为2级文明
恭喜文明1091成为6级文明
恭喜文明1091成为7级文明
恭喜文明1134成为3级文明
恭喜文明1153成为2级文明
恭喜文明1187成为3级文明
恭喜文明1192成为2级文明
恭喜文明1231成为2级文明
恭喜文明1344成为3级文明
恭喜文明1367成为3级文明
恭喜文明1369成为2级文明
恭喜文明1383成为6级文明
恭喜文明1383成为7级文明
恭喜文明1404成为3级文明
恭喜文明1434成为2级文明
恭喜文明1456成为2级文明
恭喜文明1460成为2级文明
恭喜文明1468成为2级文明
恭喜文明1477成为3级文明
恭喜文明1492成为2级文明
恭喜文明1493成为2级文明
恭喜文明1515成为3级文明
恭喜文明1518成为4级文明
恭喜文明1547成为2级文明
恭喜文明1582成为5级文明
恭喜文明1582成为6级文明
恭喜文明1634成为4级文明
恭喜文明1656成为2级文明
恭喜文明1668成为2级文明
恭喜文明1687成为3级文明
恭喜文明1691成为2级文明
恭喜文明1729成为4级文明
恭喜文明1741成为2级文明
恭喜文明1762成为3级文明
恭喜文明1830成为2级文明
恭喜文明1841成为2级文明
恭喜文明1919成为6级文明
恭喜文明1919成为7级文明
恭喜文明1919成为8级文明
恭喜文明1942成为3级文明
恭喜文明1944成为4级文明
恭喜文明1976成为3级文明
恭喜文明2005成为2级文明
恭喜文明2015成为5级文明
恭喜文明2018成为2级文明
恭喜文明2039成为3级文明
恭喜文明2049成为3级文明
恭喜文明2083成为2级文明
恭喜文明2088成为3级文明
恭喜文明2107成为2级文明
恭喜文明2110成为4级文明
恭喜文明2116成为2级文明
恭喜文明2138成为2级文明
恭喜文明2142成为2级文明
恭喜文明2143成为2级文明
恭喜文明2153成为3级文明
恭喜文明2156成为6级文明
恭喜文明2167成为2级文明
恭喜文明2214成为3级文明
恭喜文明2215成为3级文明
恭喜文明2260成为2级文明
恭喜文明2298成为2级文明
恭喜文明2307成为2级文明
恭喜文明2396成为2级文明
恭喜文明2411成为3级文明
恭喜文明2418成为2级文明
恭喜文明2492成为2级文明
恭喜文明2496成为2级文明
恭喜文明2532成为2级文明
恭喜文明2542成为2级文明
恭喜文明2556成为4级文明
恭喜文明2578成为2级文明
恭喜文明2586成为3级文明
恭喜文明2606成为4级文明
恭喜文明2612成为3级文明
恭喜文明2617成为5级文明
恭喜文明2619成为2级文明
恭喜文明2623成为3级文明
恭喜文明2641成为5级文明
恭喜文明2643成为2级文明
恭喜文明2668成为4级文明
恭喜文明2679成为4级文明
恭喜文明2708成为4级文明
恭喜文明2784成为6级文明
恭喜文明2784成为7级文明
恭喜文明2784成为8级文明
恭喜文明2787成为2级文明
恭喜文明2789成为4级文明
恭喜文明2813成为5级文明
恭喜文明2813成为6级文明
恭喜文明2831成为4级文明
恭喜文明2843成为5级文明
恭喜文明2855成为3级文明
恭喜文明2873成为2级文明
恭喜文明2881成为2级文明
恭喜文明2893成为2级文明
恭喜文明2903成为3级文明
恭喜文明2904成为3级文明
恭喜文明2914成为2级文明
恭喜文明2924成为2级文明
恭喜文明2936成为4级文明
恭喜文明2962成为2级文明
恭喜文明2967成为2级文明
恭喜文明2986成为4级文明
恭喜文明2996成为3级文明
恭喜文明3008成为2级文明
恭喜文明3020成为3级文明
恭喜文明3042成为5级文明
恭喜文明3063成为2级文明
恭喜文明3084成为5级文明
恭喜文明3084成为6级文明
恭喜文明3084成为7级文明
恭喜文明3107成为2级文明
恭喜文明3121成为2级文明
恭喜文明3129成为3级文明
恭喜文明3133成为2级文明
恭喜文明3142成为2级文明
恭喜文明3153成为4级文明
恭喜文明3156成为3级文明
恭喜文明3165成为3级文明
恭喜文明3190成为3级文明
恭喜文明3201成为2级文明
恭喜文明3216成为2级文明
恭喜文明3260成为3级文明
恭喜文明3311成为2级文明
恭喜文明3325成为4级文明
恭喜文明3329成为5级文明
恭喜文明3329成为6级文明
恭喜文明3341成为2级文明
恭喜文明3405成为4级文明
恭喜文明3412成为4级文明
恭喜文明3417成为2级文明
恭喜文明3456成为3级文明
恭喜文明3487成为3级文明
恭喜文明3547成为2级文明
恭喜文明3568成为2级文明
恭喜文明3576成为5级文明
恭喜文明3576成为6级文明
恭喜文明3628成为4级文明
恭喜文明3643成为2级文明
恭喜文明3651成为2级文明
恭喜文明3656成为2级文明
恭喜文明3672成为2级文明
恭喜文明3686成为2级文明
恭喜文明3745成为3级文明
恭喜文明3806成为2级文明
恭喜文明3821成为2级文明
恭喜文明3869成为2级文明
恭喜文明3878成为2级文明
恭喜文明3927成为3级文明
恭喜文明3937成为2级文明
恭喜文明3955成为2级文明
恭喜文明3979成为2级文明
恭喜文明4018成为2级文明
恭喜文明4020成为4级文明
恭喜文明4039成为2级文明
恭喜文明4094成为6级文明
恭喜文明4094成为7级文明
恭喜文明4097成为3级文明
恭喜文明4117成为4级文明
恭喜文明4121成为4级文明
恭喜文明4124成为4级文明
恭喜文明4147成为5级文明
恭喜文明4162成为3级文明
恭喜文明4194成为5级文明
恭喜文明4204成为3级文明
恭喜文明4211成为2级文明
恭喜文明4218成为3级文明
恭喜文明4220成为4级文明
恭喜文明4261成为2级文明
恭喜文明4264成为2级文明
恭喜文明4267成为6级文明
恭喜文明4267成为7级文明
恭喜文明4269成为3级文明
恭喜文明4284成为5级文明
恭喜文明4287成为3级文明
恭喜文明4308成为2级文明
恭喜文明4332成为2级文明
恭喜文明4342成为2级文明
恭喜文明4353成为6级文明
恭喜文明4353成为7级文明
恭喜文明4408成为2级文明
恭喜文明4443成为5级文明
恭喜文明4443成为6级文明
恭喜文明4451成为4级文明
恭喜文明4453成为3级文明
恭喜文明4488成为3级文明
恭喜文明4494成为7级文明
恭喜文明4494成为8级文明
恭喜文明4494成为9级文明
恭喜文明4497成为2级文明
恭喜文明4504成为2级文明
恭喜文明4512成为3级文明
恭喜文明4525成为3级文明
恭喜文明4531成为2级文明
恭喜文明4569成为3级文明
恭喜文明4590成为4级文明
恭喜文明4598成为2级文明
恭喜文明4602成为3级文明
恭喜文明4643成为3级文明
恭喜文明4713成为3级文明
恭喜文明4768成为2级文明
恭喜文明4828成为2级文明
恭喜文明4846成为2级文明
恭喜文明4876成为2级文明
恭喜文明4897成为2级文明
恭喜文明4901成为6级文明
恭喜文明4901成为7级文明
恭喜文明4916成为2级文明
恭喜文明4923成为3级文明
恭喜文明4930成为3级文明
恭喜文明4935成为3级文明
恭喜文明4945成为2级文明
恭喜文明4949成为3级文明
恭喜文明4950成为3级文明
恭喜文明4956成为3级文明
恭喜文明4962成为2级文明
恭喜文明4966成为6级文明
恭喜文明4966成为7级文明
恭喜文明4983成为2级文明
恭喜文明4996成为2级文明
恭喜文明5000成为3级文明
剩余文明数量：839

第8回合：
高维文明18抹杀了低维文明1!
高维文明18抹杀了低维文明43!
高维文明18抹杀了低维文明50!
高维文明18抹杀了低维文明67!
高维文明18抹杀了低维文明88!
文明3201抹杀了文明103！
高维文明18抹杀了低维文明135!
高维文明18抹杀了低维文明138!
文明636抹杀了文明167！
高维文明178抹杀了低维文明4582!
高维文明178抹杀了低维文明3177!
文明179抹杀了文明184！
文明179抹杀了文明185！
文明187抹杀了文明179！
文明187抹杀了文明188！
文明187抹杀了文明190！
文明191抹杀了文明187！
高维文明229抹杀了低维文明221!
文明3133抹杀了文明239！
高维文明251抹杀了低维文明248!
文明264抹杀了文明255！
高维文明265抹杀了低维文明4269!
高维文明265抹杀了低维文明278!
高维文明2679抹杀了低维文明288!
高维文明265抹杀了低维文明292!
高维文明265抹杀了低维文明306!
高维文明314抹杀了低维文明312!
高维文明325抹杀了低维文明324!
高维文明328抹杀了低维文明335!
高维文明328抹杀了低维文明353!
高维文明328抹杀了低维文明355!
高维文明328抹杀了低维文明361!
文明328抹杀了文明365！
高维文明370抹杀了低维文明328!
文明3437抹杀了文明372！
文明3216抹杀了文明379！
文明440抹杀了文明452！
文明440抹杀了文明472！
文明473抹杀了文明440！
高维文明4220抹杀了低维文明517!
高维文明527抹杀了低维文明523!
高维文明527抹杀了低维文明529!
文明527抹杀了文明546！
高维文明527抹杀了低维文明549!
高维文明527抹杀了低维文明579!
文明2079抹杀了文明580！
高维文明527抹杀了低维文明582!
文明527抹杀了文明601！
高维文明527抹杀了低维文明615!
高维文明527抹杀了低维文明626!
高维文明527抹杀了低维文明628!
高维文明527抹杀了低维文明633!
文明634抹杀了文明4180！
高维文明527抹杀了低维文明634!
文明527抹杀了文明636！
文明250抹杀了文明638！
文明527与文明647同归于尽！
高维文明698抹杀了低维文明654!
文明730抹杀了文明4445！
高维文明740抹杀了低维文明710!
文明751抹杀了文明758！
文明802抹杀了文明803！
文明829抹杀了文明802！
文明851抹杀了文明845！
文明880抹杀了文明901！
高维文明1477抹杀了低维文明902!
高维文明917抹杀了低维文明916!
高维文明917抹杀了低维文明918!
高维文明922抹杀了低维文明471!
高维文明917抹杀了低维文明928!
文明3487抹杀了文明934！
文明917抹杀了文明951！
文明954抹杀了文明917！
文明954抹杀了文明962！
高维文明979抹杀了低维文明954!
高维文明1058抹杀了低维文明1297!
高维文明1071抹杀了低维文明309!
文明1071抹杀了文明922！
文明1430抹杀了文明1097！
高维文明1133抹杀了低维文明1095!
文明1133抹杀了文明1456！
文明1137抹杀了文明1154！
高维文明1162抹杀了低维文明1137!
文明1233抹杀了文明1192！
文明1240抹杀了文明1236！
高维文明1367抹杀了低维文明1380!
高维文明1367抹杀了低维文明1397!
高维文明1367抹杀了低维文明1400!
高维文明1401抹杀了低维文明1367!
高维文明1401抹杀了低维文明3797!
高维文明1404抹杀了低维文明1419!
高维文明1438抹杀了低维文明1450!
高维文明1438抹杀了低维文明1467!
高维文明1438抹杀了低维文明1476!
文明1438抹杀了文明1477！
文明1480抹杀了文明1245！
高维文明1438抹杀了低维文明1492!
高维文明1438抹杀了低维文明1493!
高维文明1438抹杀了低维文明1510!
文明1438抹杀了文明1515！
高维文明1518抹杀了低维文明1438!
高维文明1518抹杀了低维文明1528!
高维文明1518抹杀了低维文明1563!
高维文明1518抹杀了低维文明1574!
高维文明1518抹杀了低维文明1581!
高维文明1582抹杀了低维文明1518!
文明1614抹杀了文明3979！
文明1656抹杀了文明1664！
文明1656抹杀了文明1670！
文明1671抹杀了文明4828！
文明1671抹杀了文明3998！
文明1691抹杀了文明1656！
文明1691抹杀了文明1703！
文明1711抹杀了文明1691！
文明1588抹杀了文明1714！
文明1741抹杀了文明1712！
高维文明1964抹杀了低维文明1743!
文明1404抹杀了文明1762！
文明1768抹杀了文明1778！
文明1788抹杀了文明1768！
文明1810抹杀了文明1801！
文明1831抹杀了文明1810！
文明1831抹杀了文明1833！
文明1831抹杀了文明1841！
文明1852抹杀了文明1831！
文明1856抹杀了文明1855！
文明1856抹杀了文明1863！
高维文明1882抹杀了低维文明1856!
文明1928抹杀了文明1927！
高维文明1942抹杀了低维文明1928!
高维文明1944抹杀了低维文明1942!
高维文明1944抹杀了低维文明1958!
高维文明1944抹杀了低维文明1969!
高维文明1944抹杀了低维文明1976!
高维文明1983抹杀了低维文明2208!
高维文明1944抹杀了低维文明1999!
文明3926抹杀了文明2005！
高维文明2015抹杀了低维文明1944!
高维文明2015抹杀了低维文明2049!
文明2015抹杀了文明2053！
文明2064抹杀了文明2065！
文明2914抹杀了文明2067！
高维文明2070抹杀了低维文明2064!
文明2073抹杀了文明2072！
高维文明2088抹杀了低维文明2079!
文明3986抹杀了文明2101！
文明2116抹杀了文明2147！
文明2120抹杀了文明2113！
文明2165抹杀了文明2200！
文明2165抹杀了文明2207！
高维文明2214抹杀了低维文明2165!
文明4361抹杀了文明2218！
文明2223抹杀了文明2238！
文明2223抹杀了文明2307！
文明2348抹杀了文明2223！
文明2396抹杀了文明2397！
高维文明1404抹杀了低维文明2405!
高维文明2411抹杀了低维文明3969!
文明1404抹杀了文明2411！
文明2396抹杀了文明2419！
高维文明2475抹杀了低维文明2396!
高维文明4105抹杀了低维文明2514!
文明2532抹杀了文明2496！
文明4205抹杀了文明2532！
高维文明3190抹杀了低维文明2578!
高维文明2617抹杀了低维文明2612!
高维文明2623抹杀了低维文明2625!
高维文明2623抹杀了低维文明2627!
文明2623抹杀了文明2698！
高维文明2623抹杀了低维文明2705!
高维文明2708抹杀了低维文明2623!
文明2748抹杀了文明2739！
高维文明2751抹杀了低维文明2748!
高维文明2751抹杀了低维文明2787!
高维文明2789抹杀了低维文明2751!
高维文明1071抹杀了低维文明2796!
高维文明2813抹杀了低维文明2556!
高维文明2843抹杀了低维文明2855!
文明2843抹杀了文明2871！
文明2879抹杀了文明2881！
文明2879抹杀了文明2891！
高维文明2903抹杀了低维文明2879!
文明2914抹杀了文明2911！
文明2914抹杀了文明2920！
文明2924抹杀了文明2914！
文明2962抹杀了文明2943！
高维文明2996抹杀了低维文明2972!
高维文明2996抹杀了低维文明2997!
高维文明2996抹杀了低维文明3008!
文明2996抹杀了文明3030！
文明2996抹杀了文明3033！
文明3035抹杀了文明797！
高维文明3042抹杀了低维文明2996!
文明3058抹杀了文明3046！
文明3063抹杀了文明3058！
高维文明3067抹杀了低维文明3063!
文明3072抹杀了文明3070！
高维文明3431抹杀了低维文明3098!
高维文明1071抹杀了低维文明3121!
文明3125抹杀了文明3107！
文明3128抹杀了文明3125！
高维文明3129抹杀了低维文明3128!
高维文明3129抹杀了低维文明3142!
高维文明3153抹杀了低维文明3129!
高维文明2813抹杀了低维文明3153!
高维文明3156抹杀了低维文明4056!
高维文明3165抹杀了低维文明3159!
高维文明3245抹杀了低维文明1404!
文明3250抹杀了文明3262！
文明3266抹杀了文明3250！
文明3291抹杀了文明3295！
高维文明3316抹杀了低维文明3291!
文明3336抹杀了文明2194！
文明4413抹杀了文明3341！
文明2812抹杀了文明3425！
文明2622抹杀了文明3437！
高维文明3467抹杀了低维文明3461!
高维文明3245抹杀了低维文明3487!
文明3512抹杀了文明3483！
高维文明3523抹杀了低维文明3527!
高维文明3523抹杀了低维文明3560!
高维文明3523抹杀了低维文明3590!
文明3593抹杀了文明750！
高维文明3523抹杀了低维文明3615!
高维文明3523抹杀了低维文明3616!
高维文明3523抹杀了低维文明3624!
文明3523抹杀了文明3627！
高维文明3628抹杀了低维文明3523!
文明4666抹杀了文明3647！
文明3682抹杀了文明3686！
文明3711抹杀了文明3682！
文明3711抹杀了文明3715！
文明3716抹杀了文明3711！
文明3727抹杀了文明3723！
文明3727抹杀了文明3728！
高维文明3745抹杀了低维文明3727!
文明3745抹杀了文明4644！
高维文明3765抹杀了低维文明3767!
高维文明3773抹杀了低维文明1270!
高维文明3818抹杀了低维文明2224!
文明3846抹杀了文明3820！
文明3881抹杀了文明3656！
文明3911抹杀了文明3919！
文明3955抹杀了文明3948！
高维文明325抹杀了低维文明3990!
高维文明4020抹杀了低维文明4018!
文明4038抹杀了文明4039！
文明1830抹杀了文明4043！
高维文明4052抹杀了低维文明4038!
文明4088抹杀了文明4070！
高维文明4147抹杀了低维文明1071!
高维文明4162抹杀了低维文明4158!
高维文明4162抹杀了低维文明4164!
高维文明4162抹杀了低维文明4168!
高维文明4162抹杀了低维文明4170!
高维文明4162抹杀了低维文明4178!
高维文明4194抹杀了低维文明4162!
高维文明2088抹杀了低维文明4210!
高维文明4194抹杀了低维文明4218!
高维文明4220抹杀了低维文明4488!
文明4223抹杀了文明4221！
文明4242抹杀了文明4230！
高维文明4259抹杀了低维文明4261!
高维文明4259抹杀了低维文明4264!
高维文明4259抹杀了低维文明4277!
高维文明4287抹杀了低维文明1290!
高维文明4259抹杀了低维文明4292!
高维文明4259抹杀了低维文明4298!
高维文明4259抹杀了低维文明4322!
高维文明4259抹杀了低维文明4326!
高维文明4259抹杀了低维文明4331!
高维文明4259抹杀了低维文明4342!
高维文明4259抹杀了低维文明4352!
高维文明4353抹杀了低维文明4403!
文明4416抹杀了文明4430！
文明4416抹杀了文明4437！
高维文明4451抹杀了低维文明4448!
高维文明4506抹杀了低维文明1323!
高维文明4590抹杀了低维文明4068!
高维文明4590抹杀了低维文明3449!
高维文明4590抹杀了低维文明4577!
文明4620抹杀了文明4632！
文明4620抹杀了文明4636！
高维文明4620抹杀了低维文明4637!
高维文明4620抹杀了低维文明4641!
高维文明4620抹杀了低维文明4664!
高维文明4620抹杀了低维文明4666!
文明3158抹杀了文明4684！
文明4620抹杀了文明4713！
文明4737抹杀了文明4620！
文明4737与文明4738同归于尽！
文明4791抹杀了文明4814！
文明4791抹杀了文明4866！
高维文明4868抹杀了低维文明4809!
文明4791抹杀了文明4895！
文明4897抹杀了文明4791！
高维文明4923抹杀了低维文明4926!
高维文明4930抹杀了低维文明4931!
高维文明4923抹杀了低维文明4932!
高维文明4923抹杀了低维文明4936!
文明4921抹杀了文明4945！
文明4923抹杀了文明4949！
文明4923抹杀了文明4950！
高维文明4923抹杀了低维文明4962!
高维文明4963抹杀了低维文明4923!
高维文明4963抹杀了低维文明4965!
高维文明4963抹杀了低维文明4976!
高维文明4963抹杀了低维文明4983!
高维文明4991抹杀了低维文明4963!
恭喜文明18成为4级文明
恭喜文明18成为5级文明
恭喜文明82成为2级文明
恭喜文明178成为5级文明
恭喜文明191成为3级文明
恭喜文明229成为6级文明
恭喜文明250成为3级文明
恭喜文明251成为4级文明
恭喜文明265成为6级文明
恭喜文明265成为7级文明
恭喜文明314成为5级文明
恭喜文明325成为6级文明
恭喜文明325成为7级文明
恭喜文明370成为6级文明
恭喜文明370成为7级文明
恭喜文明473成为3级文明
恭喜文明584成为3级文明
恭喜文明698成为4级文明
恭喜文明730成为3级文明
恭喜文明740成为4级文明
恭喜文明829成为3级文明
恭喜文明979成为5级文明
恭喜文明979成为6级文明
恭喜文明979成为7级文明
恭喜文明1058成为4级文明
恭喜文明1133成为3级文明
恭喜文明1162成为4级文明
恭喜文明1279成为3级文明
恭喜文明1302成为2级文明
恭喜文明1401成为5级文明
恭喜文明1401成为6级文明
恭喜文明1430成为3级文明
恭喜文明1457成为2级文明
恭喜文明1582成为7级文明
恭喜文明1582成为8级文明
恭喜文明1582成为9级文明
恭喜文明1582成为10级文明
恭喜文明1588成为3级文明
恭喜文明1614成为3级文明
恭喜文明1671成为3级文明
恭喜文明1711成为3级文明
恭喜文明1788成为3级文明
恭喜文明1852成为3级文明
恭喜文明1882成为4级文明
恭喜文明1922成为2级文明
恭喜文明1962成为2级文明
恭喜文明1964成为5级文明
恭喜文明1983成为3级文明
恭喜文明2015成为6级文明
恭喜文明2015成为7级文明
恭喜文明2015成为8级文明
恭喜文明2070成为4级文明
恭喜文明2088成为4级文明
恭喜文明2123成为3级文明
恭喜文明2213成为2级文明
恭喜文明2214成为4级文明
恭喜文明2214成为5级文明
恭喜文明2222成为2级文明
恭喜文明2348成为3级文明
恭喜文明2450成为2级文明
恭喜文明2475成为4级文明
恭喜文明2597成为2级文明
恭喜文明2617成为6级文明
恭喜文明2622成为3级文明
恭喜文明2679成为5级文明
恭喜文明2708成为5级文明
恭喜文明2708成为6级文明
恭喜文明2708成为7级文明
恭喜文明2789成为5级文明
恭喜文明2789成为6级文明
恭喜文明2812成为3级文明
恭喜文明2813成为7级文明
恭喜文明2813成为8级文明
恭喜文明2813成为9级文明
恭喜文明2843成为6级文明
恭喜文明2856成为2级文明
恭喜文明2903成为4级文明
恭喜文明2903成为5级文明
恭喜文明2924成为3级文明
恭喜文明2942成为3级文明
恭喜文明2962成为3级文明
恭喜文明3013成为2级文明
恭喜文明3035成为3级文明
恭喜文明3042成为6级文明
恭喜文明3042成为7级文明
恭喜文明3067成为5级文明
恭喜文明3072成为3级文明
恭喜文明3156成为4级文明
恭喜文明3158成为4级文明
恭喜文明3162成为2级文明
恭喜文明3165成为4级文明
恭喜文明3190成为4级文明
恭喜文明3216成为3级文明
恭喜文明3245成为5级文明
恭喜文明3245成为6级文明
恭喜文明3266成为3级文明
恭喜文明3316成为5级文明
恭喜文明3336成为3级文明
恭喜文明3431成为4级文明
恭喜文明3467成为5级文明
恭喜文明3512成为3级文明
恭喜文明3576成为7级文明
恭喜文明3628成为5级文明
恭喜文明3628成为6级文明
恭喜文明3628成为7级文明
恭喜文明3716成为3级文明
恭喜文明3745成为4级文明
恭喜文明3745成为5级文明
恭喜文明3765成为6级文明
恭喜文明3773成为3级文明
恭喜文明3818成为4级文明
恭喜文明3955成为3级文明
恭喜文明3986成为3级文明
恭喜文明4003成为3级文明
恭喜文明4020成为5级文明
恭喜文明4052成为4级文明
恭喜文明4087成为2级文明
恭喜文明4088成为3级文明
恭喜文明4105成为3级文明
恭喜文明4147成为6级文明
恭喜文明4147成为7级文明
恭喜文明4147成为8级文明
恭喜文明4194成为6级文明
恭喜文明4194成为7级文明
恭喜文明4205成为3级文明
恭喜文明4209成为4级文明
恭喜文明4220成为5级文明
恭喜文明4223成为3级文明
恭喜文明4242成为3级文明
恭喜文明4259成为5级文明
恭喜文明4259成为6级文明
恭喜文明4287成为4级文明
恭喜文明4353成为8级文明
恭喜文明4353成为9级文明
恭喜文明4361成为4级文明
恭喜文明4411成为3级文明
恭喜文明4416成为3级文明
恭喜文明4506成为5级文明
恭喜文明4590成为5级文明
恭喜文明4849成为2级文明
恭喜文明4868成为3级文明
恭喜文明4897成为3级文明
恭喜文明4930成为4级文明
恭喜文明4991成为6级文明
恭喜文明4991成为7级文明
恭喜文明4991成为8级文明
恭喜文明4991成为9级文明
剩余文明数量：528

第9回合：
高维文明75抹杀了低维文明77!
高维文明75抹杀了低维文明82!
文明3937抹杀了文明149！
文明173抹杀了文明153！
高维文明175抹杀了低维文明161!
高维文明191抹杀了低维文明3672!
高维文明191抹杀了低维文明173!
高维文明207抹杀了低维文明191!
高维文明1938抹杀了低维文明240!
高维文明314抹杀了低维文明321!
高维文明325抹杀了低维文明314!
文明325抹杀了文明370！
文明371抹杀了文明389！
高维文明392抹杀了低维文明371!
高维文明419抹杀了低维文明4475!
文明1454抹杀了文明453！
文明480抹杀了文明473！
高维文明480抹杀了低维文明489!
高维文明480抹杀了低维文明500!
高维文明480抹杀了低维文明524!
高维文明480抹杀了低维文明555!
高维文明480抹杀了低维文明567!
文明480抹杀了文明584！
文明480与文明587同归于尽！
高维文明607抹杀了低维文明630!
高维文明607抹杀了低维文明692!
高维文明698抹杀了低维文明607!
高维文明2789抹杀了低维文明740!
高维文明829抹杀了低维文明880!
高维文明829抹杀了低维文明897!
高维文明829抹杀了低维文明955!
高维文明981抹杀了低维文明829!
文明986抹杀了文明994！
文明986抹杀了文明1013！
高维文明1025抹杀了低维文明986!
高维文明1038抹杀了低维文明2107!
高维文明2936抹杀了低维文明1074!
高维文明1116抹杀了低维文明1077!
高维文明1116抹杀了低维文明1434!
高维文明4287抹杀了低维文明1231!
文明1243抹杀了文明1171！
文明1273抹杀了文明1243！
高维文明1344抹杀了低维文明1292!
高维文明1344抹杀了低维文明1352!
文明1344抹杀了文明1430！
高维文明1437抹杀了低维文明1344!
高维文明3239抹杀了低维文明1460!
文明1547抹杀了文明1539！
文明1562抹杀了文明1547！
高维文明2641抹杀了低维文明1588!
高维文明1614抹杀了低维文明1586!
文明2170抹杀了文明1615！
高维文明1634抹杀了低维文明1646!
高维文明1634抹杀了低维文明1671!
高维文明1634抹杀了低维文明1687!
高维文明1634抹杀了低维文明1689!
高维文明1634抹杀了低维文明1693!
高维文明1634抹杀了低维文明1705!
文明1634抹杀了文明1729！
高维文明1634抹杀了低维文明1754!
高维文明1634抹杀了低维文明1830!
高维文明1634抹杀了低维文明1852!
文明1634抹杀了文明1882！
高维文明4052抹杀了低维文明1922!
高维文明1634抹杀了低维文明1938!
高维文明1634抹杀了低维文明1940!
高维文明1634抹杀了低维文明1941!
高维文明1634抹杀了低维文明1963!
高维文明1964抹杀了低维文明1634!
文明2213抹杀了文明2028！
高维文明2110抹杀了低维文明2097!
文明2120抹杀了文明4028！
高维文明2123抹杀了低维文明2138!
高维文明2123抹杀了低维文明2143!
文明2161抹杀了文明3631！
高维文明2123抹杀了低维文明2162!
高维文明2123抹杀了低维文明2170!
高维文明2123抹杀了低维文明2206!
高维文明2214抹杀了低维文明2123!
高维文明2215抹杀了低维文明2222!
文明2249抹杀了文明2242！
文明2249抹杀了文明2292！
文明3651抹杀了文明2324！
文明2337抹杀了文明2076！
高维文明2351抹杀了低维文明2249!
高维文明2382抹杀了低维文明2418!
高维文明2475抹杀了低维文明2382!
高维文明429抹杀了低维文明2525!
高维文明2549抹杀了低维文明2493!
高维文明2586抹杀了低维文明2552!
高维文明2606抹杀了低维文明2348!
高维文明2617抹杀了低维文明2606!
高维文明2660抹杀了低维文明2643!
高维文明3158抹杀了低维文明2666!
高维文明2693抹杀了低维文明2679!
高维文明2784抹杀了低维文明2708!
高维文明2831抹杀了低维文明2827!
文明2868抹杀了文明2893！
文明2214抹杀了文明2903！
高维文明2904抹杀了低维文明2868!
文明2907抹杀了文明3525！
文明2913抹杀了文明2907！
高维文明2924抹杀了低维文明2913!
文明2924抹杀了文明3955！
高维文明2924抹杀了低维文明2926!
高维文明2924抹杀了低维文明2928!
高维文明2924抹杀了低维文明2934!
高维文明2936抹杀了低维文明2924!
高维文明4361抹杀了低维文明2967!
高维文明2992抹杀了低维文明3020!
文明3023抹杀了文明3028！
高维文明3072抹杀了低维文明3062!
高维文明3156抹杀了低维文明3144!
高维文明3156抹杀了低维文明3162!
高维文明3156抹杀了低维文明3168!
高维文明3156抹杀了低维文明3178!
文明3156抹杀了文明3190！
高维文明3156抹杀了低维文明3193!
高维文明3156抹杀了低维文明3201!
高维文明698抹杀了低维文明3204!
高维文明3156抹杀了低维文明3222!
高维文明3156抹杀了低维文明3227!
高维文明3156抹杀了低维文明3238!
高维文明3156抹杀了低维文明3239!
高维文明3156抹杀了低维文明3244!
高维文明3245抹杀了低维文明3156!
文明3296抹杀了文明3289！
文明3311抹杀了文明3296！
高维文明3316抹杀了低维文明241!
高维文明3325抹杀了低维文明3319!
文明2214与文明3325同归于尽！
文明1403抹杀了文明3362！
高维文明3405抹杀了低维文明2120!
高维文明3405抹杀了低维文明3389!
文明3405抹杀了文明3412！
高维文明3405抹杀了低维文明3417!
文明3405抹杀了文明3431！
高维文明4371抹杀了低维文明3440!
文明3405与文明3456同归于尽！
高维文明2660抹杀了低维文明3498!
文明3494抹杀了文明3501！
文明3512抹杀了文明4204！
高维文明3512抹杀了低维文明3494!
高维文明4121抹杀了低维文明3512!
文明3568抹杀了文明3547！
文明3653抹杀了文明3651！
高维文明3716抹杀了低维文明3703!
高维文明3818抹杀了低维文明3526!
文明3869抹杀了文明3857！
文明3878抹杀了文明3873！
文明4768抹杀了文明3881！
高维文明3890抹杀了低维文明1369!
高维文明3890抹杀了低维文明3878!
文明3911抹杀了文明3921！
文明3926抹杀了文明3911！
文明3428抹杀了文明3945！
高维文明4003抹杀了低维文明3944!
高维文明4020抹杀了低维文明4003!
高维文明4020抹杀了低维文明4052!
高维文明4097抹杀了低维文明4087!
高维文明4117抹杀了低维文明4105!
文明4121抹杀了文明4117！
高维文明4124抹杀了低维文明4128!
高维文明4124抹杀了低维文明4130!
文明1626抹杀了文明4171！
高维文明4175抹杀了低维文明4124!
高维文明4194抹杀了低维文明4175!
高维文明4220抹杀了低维文明4097!
文明2660抹杀了文明4223！
高维文明4224抹杀了低维文明344!
高维文明4220抹杀了低维文明4242!
高维文明4259抹杀了低维文明4220!
高维文明4259抹杀了低维文明4284!
高维文明4259抹杀了低维文明4287!
文明4332抹杀了文明4309！
高维文明4411抹杀了低维文明4400!
高维文明4506抹杀了低维文明4516!
文明4531抹杀了文明4528！
文明4569与文明4567同归于尽！
高维文明4643抹杀了低维文明4630!
文明4768抹杀了文明4849！
高维文明4897抹杀了低维文明4768!
高维文明4930抹杀了低维文明4908!
高维文明4930抹杀了低维文明2450!
文明4935抹杀了文明4956！
高维文明4935抹杀了低维文明4967!
高维文明4935抹杀了低维文明4995!
高维文明4935抹杀了低维文明4996!
文明2660抹杀了文明5000！
恭喜文明75成为5级文明
恭喜文明175成为4级文明
恭喜文明207成为6级文明
恭喜文明207成为7级文明
恭喜文明325成为8级文明
恭喜文明325成为9级文明
恭喜文明392成为4级文明
恭喜文明419成为6级文明
恭喜文明419成为7级文明
恭喜文明429成为4级文明
恭喜文明698成为5级文明
恭喜文明698成为6级文明
恭喜文明981成为6级文明
恭喜文明981成为7级文明
恭喜文明1025成为4级文明
恭喜文明1038成为5级文明
恭喜文明1116成为4级文明
恭喜文明1220成为3级文明
恭喜文明1224成为3级文明
恭喜文明1273成为3级文明
恭喜文明1437成为6级文明
恭喜文明1437成为7级文明
恭喜文明1454成为3级文明
恭喜文明1562成为3级文明
恭喜文明1614成为4级文明
恭喜文明1626成为3级文明
恭喜文明1964成为6级文明
恭喜文明1964成为7级文明
恭喜文明1964成为8级文明
恭喜文明2073成为3级文明
恭喜文明2110成为5级文明
恭喜文明2161成为3级文明
恭喜文明2213成为3级文明
恭喜文明2215成为4级文明
恭喜文明2337成为3级文明
恭喜文明2351成为4级文明
恭喜文明2475成为5级文明
恭喜文明2475成为6级文明
恭喜文明2549成为4级文明
恭喜文明2586成为4级文明
恭喜文明2617成为7级文明
恭喜文明2617成为8级文明
恭喜文明2617成为9级文明
恭喜文明2641成为6级文明
恭喜文明2660成为4级文明
恭喜文明2693成为8级文明
恭喜文明2784成为9级文明
恭喜文明2784成为10级文明
恭喜文明2789成为7级文明
恭喜文明2789成为8级文明
恭喜文明2831成为5级文明
恭喜文明2904成为4级文明
恭喜文明2936成为5级文明
恭喜文明2936成为6级文明
恭喜文明2992成为6级文明
恭喜文明3023成为3级文明
恭喜文明3072成为4级文明
恭喜文明3133成为3级文明
恭喜文明3158成为5级文明
恭喜文明3245成为7级文明
恭喜文明3245成为8级文明
恭喜文明3245成为9级文明
恭喜文明3311成为3级文明
恭喜文明3316成为6级文明
恭喜文明3428成为3级文明
恭喜文明3568成为3级文明
恭喜文明3653成为3级文明
恭喜文明3716成为4级文明
恭喜文明3818成为5级文明
恭喜文明3869成为3级文明
恭喜文明3890成为4级文明
恭喜文明3926成为3级文明
恭喜文明3937成为3级文明
恭喜文明4020成为6级文明
恭喜文明4020成为7级文明
恭喜文明4121成为5级文明
恭喜文明4121成为6级文明
恭喜文明4194成为8级文明
恭喜文明4194成为9级文明
恭喜文明4194成为10级文明
恭喜文明4215成为3级文明
恭喜文明4224成为4级文明
恭喜文明4258成为3级文明
恭喜文明4259成为7级文明
恭喜文明4259成为8级文明
恭喜文明4259成为9级文明
恭喜文明4361成为5级文明
恭喜文明4371成为5级文明
恭喜文明4411成为4级文明
恭喜文明4413成为3级文明
恭喜文明4506成为6级文明
恭喜文明4506成为7级文明
恭喜文明4531成为3级文明
恭喜文明4643成为4级文明
恭喜文明4897成为4级文明
恭喜文明4930成为5级文明
恭喜文明4935成为4级文明
恭喜文明4935成为5级文明
剩余文明数量：335

第10回合：
文明31抹杀了文明9！
高维文明117抹杀了低维文明157!
高维文明183抹杀了低维文明175!
高维文明251抹杀了低维文明250!
文明263抹杀了文明3276！
文明308抹杀了文明297！
高维文明325抹杀了低维文明419!
文明325抹杀了文明486！
高维文明325抹杀了低维文明522!
文明620抹杀了文明525！
文明675抹杀了文明620！
高维文明704抹杀了低维文明183!
高维文明730抹杀了低维文明4540!
高维文明730抹杀了低维文明751!
高维文明730抹杀了低维文明861!
高维文明4531抹杀了低维文明878!
高维文明730抹杀了低维文明930!
高维文明730抹杀了低维文明942!
高维文明730抹杀了低维文明953!
高维文明730抹杀了低维文明960!
高维文明1025抹杀了低维文明870!
高维文明1025抹杀了低维文明730!
高维文明1058抹杀了低维文明1043!
高维文明1038抹杀了低维文明1058!
高维文明1091抹杀了低维文明1038!
高维文明1162抹杀了低维文明217!
高维文明1220抹杀了低维文明246!
高维文明1220抹杀了低维文明2608!
文明1233抹杀了文明1240！
高维文明1273抹杀了低维文明1233!
高维文明1279抹杀了低维文明1302!
高维文明1279抹杀了低维文明1413!
文明1279抹杀了文明1454！
文明1279与文明1457同归于尽！
文明1964抹杀了文明2015！
高维文明2039抹杀了低维文明1048!
高维文明3072抹杀了低维文明2039!
文明851抹杀了文明2054！
文明2088抹杀了文明2070！
高维文明1711抹杀了低维文明2099!
高维文明2110抹杀了低维文明2088!
高维文明2153抹杀了低维文明2116!
高维文明2213抹杀了低维文明2167!
高维文明2215抹杀了低维文明3311!
高维文明2215抹杀了低维文明2213!
高维文明2216抹杀了低维文明2215!
文明2492抹杀了文明2524！
高维文明2549抹杀了低维文明4698!
高维文明2549抹杀了低维文明2492!
高维文明2549抹杀了低维文明2555!
文明2549抹杀了文明2586！
高维文明2595抹杀了低维文明2549!
高维文明2660抹杀了低维文明2619!
高维文明2784抹杀了低维文明2789!
高维文明2792抹杀了低维文明3520!
高维文明2784抹杀了低维文明2813!
高维文明981抹杀了低维文明2843!
文明2856抹杀了文明2851！
文明3087抹杀了文明2856！
高维文明2904抹杀了低维文明851!
高维文明2904抹杀了低维文明2873!
高维文明2904抹杀了低维文明2935!
高维文明2693抹杀了低维文明2936!
高维文明2904抹杀了低维文明2941!
高维文明2904抹杀了低维文明2942!
高维文明2992抹杀了低维文明2904!
高维文明3067抹杀了低维文明2153!
高维文明3042抹杀了低维文明3067!
高维文明3042抹杀了低维文明3149!
高维文明3042抹杀了低维文明3158!
文明4211抹杀了文明3212！
高维文明3215抹杀了低维文明3042!
文明3260抹杀了文明3266！
文明2562抹杀了文明3286！
高维文明3283抹杀了低维文明3316!
高维文明3084抹杀了低维文明3329!
文明3420抹杀了文明3366！
高维文明3467抹杀了低维文明3428!
文明3503抹杀了文明3480！
文明3568抹杀了文明3625！
文明3653抹杀了文明3568！
高维文明3773抹杀了低维文明3643!
高维文明3819抹杀了低维文明3846!
高维文明3890抹杀了低维文明3819!
文明1025抹杀了文明3890！
高维文明3937抹杀了低维文明3932!
文明4002抹杀了文明4023！
高维文明4088抹杀了低维文明4002!
高维文明4096抹杀了低维文明2083!
高维文明4121抹杀了低维文明3745!
高维文明4147抹杀了低维文明4121!
文明4147抹杀了文明2453！
高维文明4224抹杀了低维文明2622!
高维文明4258抹杀了低维文明4217!
高维文明4259抹杀了低维文明4267!
文明509抹杀了文明4337！
高维文明3133抹杀了低维文明4350!
文明4259抹杀了文明4353！
高维文明4411抹杀了低维文明4373!
文明4512与文明4525的战斗造成法则坍塌，双双陨落！
高维文明4602抹杀了低维文明4598!
高维文明4643抹杀了低维文明4602!
高维文明4643抹杀了低维文明4676!
高维文明4643抹杀了低维文明4806!
文明4860与文明4643同归于尽！
文明4876抹杀了文明4890！
高维文明4897抹杀了低维文明4876!
高维文明4966抹杀了低维文明4958!
高维文明4966抹杀了低维文明2475!
恭喜文明31成为3级文明
恭喜文明117成为9级文明
恭喜文明117成为10级文明
恭喜文明251成为5级文明
恭喜文明263成为3级文明
恭喜文明308成为3级文明
恭喜文明325成为10级文明
恭喜文明325成为11级文明
恭喜文明509成为3级文明
恭喜文明675成为3级文明
恭喜文明704成为8级文明
恭喜文明704成为9级文明
恭喜文明981成为8级文明
恭喜文明981成为9级文明
恭喜文明1025成为5级文明
恭喜文明1025成为6级文明
恭喜文明1025成为7级文明
恭喜文明1091成为8级文明
恭喜文明1091成为9级文明
恭喜文明1091成为10级文明
恭喜文明1091成为11级文明
恭喜文明1162成为5级文明
恭喜文明1220成为4级文明
恭喜文明1273成为4级文明
恭喜文明1273成为5级文明
恭喜文明1403成为3级文明
恭喜文明1711成为4级文明
恭喜文明1964成为9级文明
恭喜文明2110成为6级文明
恭喜文明2110成为7级文明
恭喜文明2110成为8级文明
恭喜文明2216成为6级文明
恭喜文明2216成为7级文明
恭喜文明2562成为3级文明
恭喜文明2595成为7级文明
恭喜文明2595成为8级文明
恭喜文明2660成为5级文明
恭喜文明2693成为9级文明
恭喜文明2693成为10级文明
恭喜文明2784成为11级文明
恭喜文明2792成为4级文明
恭喜文明2992成为7级文明
恭喜文明2992成为8级文明
恭喜文明2992成为9级文明
恭喜文明3072成为5级文明
恭喜文明3072成为6级文明
恭喜文明3084成为8级文明
恭喜文明3084成为9级文明
恭喜文明3087成为3级文明
恭喜文明3133成为4级文明
恭喜文明3215成为9级文明
恭喜文明3215成为10级文明
恭喜文明3215成为11级文明
恭喜文明3260成为4级文明
恭喜文明3283成为9级文明
恭喜文明3283成为10级文明
恭喜文明3420成为3级文明
恭喜文明3467成为6级文明
恭喜文明3503成为3级文明
恭喜文明3593成为3级文明
恭喜文明3653成为4级文明
恭喜文明3653成为5级文明
恭喜文明3773成为4级文明
恭喜文明3937成为4级文明
恭喜文明4088成为4级文明
恭喜文明4096成为4级文明
恭喜文明4147成为9级文明
恭喜文明4147成为10级文明
恭喜文明4147成为11级文明
恭喜文明4211成为3级文明
恭喜文明4224成为5级文明
恭喜文明4224成为6级文明
恭喜文明4258成为4级文明
恭喜文明4259成为10级文明
恭喜文明4259成为11级文明
恭喜文明4332成为3级文明
恭喜文明4411成为5级文明
恭喜文明4451成为5级文明
恭喜文明4531成为4级文明
恭喜文明4897成为5级文明
恭喜文明4921成为3级文明
恭喜文明4966成为8级文明
恭喜文明4966成为9级文明
剩余文明数量：223

第11回合：
高维文明31抹杀了低维文明2284!
高维文明2073抹杀了低维文明66!
文明228抹杀了文明308！
高维文明325抹杀了低维文明4194!
文明681抹杀了文明707！
高维文明981抹杀了低维文明759!
高维文明1134抹杀了低维文明3275!
高维文明1134抹杀了低维文明1153!
高维文明1162抹杀了低维文明1134!
高维文明1162抹杀了低维文明1187!
高维文明1162抹杀了低维文明1220!
高维文明1162抹杀了低维文明1224!
文明1162抹杀了文明1273！
高维文明1383抹杀了低维文明1162!
高维文明1401抹杀了低维文明4258!
文明1480抹杀了文明4846！
高维文明1562抹杀了低维文明1585!
高维文明1614抹杀了低维文明1562!
高维文明1711抹杀了低维文明1403!
高维文明1626抹杀了低维文明1741!
高维文明1626抹杀了低维文明1813!
高维文明1964抹杀了低维文明1919!
高维文明1998抹杀了低维文明2038!
文明2073抹杀了文明1998！
高维文明2073抹杀了低维文明2142!
文明2073抹杀了文明2161！
文明2073与文明2233同归于尽！
高维文明2337抹杀了低维文明2542!
文明2337抹杀了文明2562！
文明2597抹杀了文明1358！
文明2337与文明2601同归于尽！
文明3612抹杀了文明2707！
高维文明2962抹杀了低维文明2979!
文明3003抹杀了文明3563！
高维文明3133抹杀了低维文明2962!
高维文明3165抹杀了低维文明4334!
高维文明3224抹杀了低维文明3279!
高维文明3283抹杀了低维文明981!
高维文明3336抹杀了低维文明3285!
高维文明3336抹杀了低维文明4579!
文明3659抹杀了文明3612！
高维文明698抹杀了低维文明3818!
高维文明3937抹杀了低维文明205!
高维文明251抹杀了低维文明4088!
文明4020抹杀了文明4094！
高维文明4020抹杀了低维文明4156!
高维文明4020抹杀了低维文明4224!
高维文明4020抹杀了低维文明4361!
高维文明4020抹杀了低维文明4371!
高维文明4413抹杀了低维文明4408!
文明4464抹杀了文明4497！
高维文明509抹杀了低维文明4557!
高维文明4506抹杀了低维文明4590!
高维文明4868抹杀了低维文明4108!
高维文明4506抹杀了低维文明4897!
文明4506与文明4901的战斗造成法则坍塌，双双陨落！
恭喜文明31成为4级文明
恭喜文明228成为4级文明
恭喜文明251成为6级文明
恭喜文明251成为7级文明
恭喜文明264成为3级文明
恭喜文明509成为4级文明
恭喜文明681成为3级文明
恭喜文明698成为7级文明
恭喜文明1383成为8级文明
恭喜文明1383成为9级文明
恭喜文明1383成为10级文明
恭喜文明1401成为7级文明
恭喜文明1401成为8级文明
恭喜文明1480成为3级文明
恭喜文明1614成为5级文明
恭喜文明1614成为6级文明
恭喜文明1626成为4级文明
恭喜文明1626成为5级文明
恭喜文明1711成为5级文明
恭喜文明1964成为10级文明
恭喜文明1964成为11级文明
恭喜文明2597成为3级文明
恭喜文明3003成为3级文明
恭喜文明3133成为5级文明
恭喜文明3133成为6级文明
恭喜文明3165成为5级文明
恭喜文明3224成为4级文明
恭喜文明3283成为11级文明
恭喜文明3336成为4级文明
恭喜文明3659成为3级文明
恭喜文明3741成为3级文明
恭喜文明3937成为5级文明
恭喜文明4020成为8级文明
恭喜文明4020成为9级文明
恭喜文明4405成为3级文明
恭喜文明4413成为4级文明
恭喜文明4464成为3级文明
恭喜文明4868成为4级文明
剩余文明数量：164

第12回合：
高维文明18抹杀了低维文明31!
文明18抹杀了文明75！
文明18抹杀了文明178！
高维文明207抹杀了低维文明18!
高维文明229抹杀了低维文明228!
高维文明251抹杀了低维文明229!
文明251抹杀了文明265！
文明4006抹杀了文明270！
高维文明392抹杀了低维文明279!
文明2668抹杀了文明429！
高维文明392抹杀了低维文明450!
高维文明392抹杀了低维文明463!
文明784抹杀了文明498！
文明392抹杀了文明509！
高维文明392抹杀了低维文明844!
高维文明392抹杀了低维文明1042!
高维文明1116抹杀了低维文明3364!
高维文明392抹杀了低维文明1257!
高维文明1401抹杀了低维文明1437!
高维文明1582抹杀了低维文明1401!
高维文明1626抹杀了低维文明3986!
文明1626抹杀了文明1711！
高维文明1626抹杀了低维文明1788!
文明2298抹杀了文明2260！
高维文明2351抹杀了低维文明2298!
高维文明2668抹杀了低维文明2604!
高维文明3087抹杀了低维文明2727!
文明4215抹杀了文明2812！
高维文明2831抹杀了低维文明2792!
高维文明3003抹杀了低维文明3013!
文明3003抹杀了文明3023！
文明3003抹杀了文明3035！
文明1960抹杀了文明3200！
高维文明3215抹杀了低维文明3084!
高维文明3283抹杀了低维文明3245!
文明3336抹杀了文明3773！
高维文明4531抹杀了低维文明4006!
高维文明4096抹杀了低维文明4098!
高维文明4096抹杀了低维文明4203!
文明4096与文明4209的战斗造成法则坍塌，双双陨落！
高维文明4405抹杀了低维文明4376!
高维文明4413抹杀了低维文明4405!
高维文明4443抹杀了低维文明4413!
高维文明4443抹杀了低维文明4451!
文明3869抹杀了文明4453！
高维文明4147抹杀了低维文明4494!
高维文明4464抹杀了低维文明4504!
高维文明4464抹杀了低维文明4510!
高维文明4531抹杀了低维文明4464!
文明4597抹杀了文明4588！
高维文明4623抹杀了低维文明4753!
高维文明4868抹杀了低维文明4623!
文明1668抹杀了文明4916！
高维文明4930抹杀了低维文明4921!
恭喜文明207成为8级文明
恭喜文明207成为9级文明
恭喜文明207成为10级文明
恭喜文明251成为8级文明
恭喜文明251成为9级文明
恭喜文明251成为10级文明
恭喜文明392成为5级文明
恭喜文明392成为6级文明
恭喜文明784成为3级文明
恭喜文明1116成为5级文明
恭喜文明1582成为11级文明
恭喜文明1626成为6级文明
恭喜文明1626成为7级文明
恭喜文明1668成为3级文明
恭喜文明1960成为3级文明
恭喜文明2351成为5级文明
恭喜文明2668成为5级文明
恭喜文明2668成为6级文明
恭喜文明2831成为6级文明
恭喜文明3003成为4级文明
恭喜文明3087成为4级文明
恭喜文明3336成为5级文明
恭喜文明3869成为4级文明
恭喜文明4215成为4级文明
恭喜文明4443成为7级文明
恭喜文明4443成为8级文明
恭喜文明4443成为9级文明
恭喜文明4531成为5级文明
恭喜文明4531成为6级文明
恭喜文明4597成为3级文明
恭喜文明4868成为5级文明
恭喜文明4868成为6级文明
恭喜文明4930成为6级文明
剩余文明数量：109

第13回合：
高维文明263抹杀了低维文明211!
文明345抹杀了文明307！
文明675抹杀了文明681！
文明675与文明1089同归于尽！
高维文明1582抹杀了低维文明704!
高维文明1960抹杀了低维文明1906!
高维文明1983抹杀了低维文明2018!
高维文明2156抹杀了低维文明2986!
高维文明1983抹杀了低维文明2239!
文明1983抹杀了文明2597！
高维文明2641抹杀了低维文明3716!
高维文明2693抹杀了低维文明2617!
高维文明2784抹杀了低维文明4966!
文明2831抹杀了文明2641！
高维文明3133抹杀了低维文明3260!
文明698抹杀了文明3576！
高维文明4205抹杀了低维文明4129!
高维文明4215抹杀了低维文明4211!
文明4308抹杀了文明196！
高维文明4332抹杀了低维文明4308!
高维文明4416抹杀了低维文明4271!
恭喜文明263成为4级文明
恭喜文明345成为3级文明
恭喜文明698成为8级文明
恭喜文明1960成为4级文明
恭喜文明1983成为4级文明
恭喜文明2156成为7级文明
恭喜文明2693成为11级文明
恭喜文明2831成为7级文明
恭喜文明2831成为8级文明
恭喜文明3133成为7级文明
恭喜文明4205成为4级文明
恭喜文明4215成为5级文明
【世界广播】文明4259成为神明
恭喜文明4332成为4级文明
恭喜文明4416成为4级文明
剩余文明数量：86

第14回合：
高维文明264抹杀了低维文明290!
高维文明660抹杀了低维文明924!
高维文明660抹杀了低维文明979!
高维文明660抹杀了低维文明1025!
高维文明3653抹杀了低维文明1133!
高维文明1383抹杀了低维文明2992!
高维文明1383抹杀了低维文明660!
高维文明2110抹杀了低维文明2156!
高维文明2110抹杀了低维文明2216!
文明2110抹杀了文明2595！
高维文明2668抹杀了低维文明2660!
高维文明2831抹杀了低维文明3072!
高维文明2831抹杀了低维文明3133!
高维文明3336抹杀了低维文明3420!
高维文明3467抹杀了低维文明3336!
高维文明1116抹杀了低维文明3503!
高维文明1480抹杀了低维文明3806!
文明3927抹杀了文明3741！
高维文明3937抹杀了低维文明3087!
高维文明4416抹杀了低维文明1962!
高维文明4935抹杀了低维文明1960!
高维文明4531抹杀了低维文明4935!
恭喜文明264成为4级文明
恭喜文明1116成为6级文明
恭喜文明1383成为11级文明
恭喜文明1480成为4级文明
恭喜文明2110成为9级文明
恭喜文明2110成为10级文明
恭喜文明2110成为11级文明
恭喜文明2668成为7级文明
恭喜文明2668成为8级文明
恭喜文明2831成为9级文明
恭喜文明2831成为10级文明
恭喜文明3467成为7级文明
恭喜文明3467成为8级文明
恭喜文明3467成为9级文明
恭喜文明3653成为6级文明
恭喜文明3653成为7级文明
恭喜文明3927成为4级文明
恭喜文明3937成为6级文明
恭喜文明4416成为5级文明
恭喜文明4531成为7级文明
恭喜文明4531成为8级文明
恭喜文明4531成为9级文明
剩余文明数量：64

第15回合：
高维文明251抹杀了低维文明2668!
文明1091与文明1383的战斗造成法则坍塌，双双陨落！
高维文明2831抹杀了低维文明4531!
高维文明3224抹杀了低维文明3216!
高维文明3467抹杀了低维文明1626!
高维文明2693抹杀了低维文明3467!
高维文明3765抹杀了低维文明1480!
高维文明3927抹杀了低维文明1668!
高维文明3765抹杀了低维文明3927!
高维文明3765抹杀了低维文明4205!
高维文明3765抹杀了低维文明4215!
高维文明3765抹杀了低维文明4332!
高维文明3765抹杀了低维文明4416!
文明3765与文明4930的战斗造成法则坍塌，双双陨落！
恭喜文明251成为11级文明
恭喜文明1983成为5级文明
恭喜文明2831成为11级文明
恭喜文明3224成为5级文明
剩余文明数量：48

第16回合：
高维文明784抹杀了低维文明352!
文明1582与文明2831的战斗造成法则坍塌，双双陨落！
文明3593与文明3659的战斗造成法则坍塌，双双陨落！
高维文明3869抹杀了低维文明3821!
高维文明3937抹杀了低维文明3869!
高维文明4147抹杀了低维文明4443!
高维文明4147抹杀了低维文明4991!
恭喜文明338成为3级文明
恭喜文明784成为4级文明
恭喜文明3937成为7级文明
恭喜文明3937成为8级文明
剩余文明数量：39

第17回合：
高维文明263抹杀了低维文明338!
高维文明263抹杀了低维文明345!
文明263与文明784的战斗造成法则坍塌，双双陨落！
高维文明1614抹杀了低维文明1983!
文明1614与文明2351同归于尽！
高维文明2693抹杀了低维文明117!
高维文明3937抹杀了低维文明3628!
高维文明3653抹杀了低维文明3224!
高维文明4868抹杀了低维文明4411!
恭喜文明3653成为8级文明
恭喜文明3653成为9级文明
恭喜文明3937成为9级文明
恭喜文明3937成为10级文明
恭喜文明4563成为3级文明
恭喜文明4868成为7级文明
恭喜文明4868成为8级文明
剩余文明数量：28

第18回合：
高维文明3937抹杀了低维文明3653!
高维文明3283抹杀了低维文明4020!
恭喜文明201成为3级文明
恭喜文明3937成为11级文明
剩余文明数量：26

第19回合：
高维文明698抹杀了低维文明1116!
高维文明264抹杀了低维文明1468!
文明264抹杀了文明3003！
恭喜文明264成为5级文明
恭喜文明698成为9级文明
恭喜文明698成为10级文明
恭喜文明2808成为3级文明
恭喜文明3748成为3级文明
剩余文明数量：23

第20回合：
高维文明251抹杀了低维文明698!
高维文明3165抹杀了低维文明2808!
恭喜文明3165成为6级文明
剩余文明数量：21

第21回合：
高维文明264抹杀了低维文明3748!
恭喜文明264成为6级文明
剩余文明数量：20

第22回合：
高维文明3283抹杀了低维文明207!
文明245与文明264的战斗造成法则坍塌，双双陨落！
文明4563抹杀了文明4597！
恭喜文明4563成为4级文明
剩余文明数量：16

第23回合：
高维文明4868抹杀了低维文明392!
高维文明4563抹杀了低维文明3926!
恭喜文明4563成为5级文明
恭喜文明4868成为9级文明
恭喜文明4868成为10级文明
剩余文明数量：14

第24回合：
高维文明251抹杀了低维文明4868!
高维文明4563抹杀了低维文明201!
恭喜文明4563成为6级文明
剩余文明数量：12

第25回合：
剩余文明数量：12

第26回合：
文明2693抹杀了文明2110！
剩余文明数量：11

第27回合：
文明3283抹杀了文明2693！
文明3215抹杀了文明3283！
文明3937抹杀了文明3215！
文明251抹杀了文明3937！
剩余文明数量：7

第28回合：
剩余文明数量：7

第29回合：
文明3165与文明4563的战斗造成法则坍塌，双双陨落！
剩余文明数量：5

第30回合：
剩余文明数量：5

第31回合：
文明325抹杀了文明251！
文明2784抹杀了文明325！
文明4147抹杀了文明2784！
文明1964抹杀了文明4147！
剩余文明数量：1

游戏结束！
神级文明：4259 
幸存凡级文明：1964(11级，击杀6) 
埋葬在宇宙深渊的文明：
952与1199 1214与2201 2299与2511 2528与2905 3726与4062 4340与4608 98与172 186与222 258与319 331与362 384与418 455与571 668与742 770与2163 2179与2289 2703与2800 2826与2927 2948与3032 3139与3141 3346与3358 3398与4092 4638与4725 4824与4874 4888与4948 445与474 563与590 762与816 1010与1081 1205与1699 1926与1988 2257与2291 2933与3123 3167与3242 3337与3419 3633与3658 3670与3732 3942与4017 4141与4191 4552与4607 4675与4822 243与256 738与748 1481与1832 2227与2235 3048与3065 3191与3208 3326与3334 3427与3442 3450与3481 3561与3705 3768与3775 3839与3888 4646与4648 21与127 772与906 2263与2600 3363与3381 3781与3879 4647与4686 4729与4857 527与647 4737与4738 480与587 3405与3456 4567与4569 1279与1457 4512与4525 4643与4860 2073与2233 2337与2601 4506与4901 4096与4209 675与1089 1091与1383 3765与4930 1582与2831 3593与3659 263与784 1614与2351 3165与4563 
遗迹战场：
133号空间共埋葬了1对文明：文明245与文明264 
8596号空间共埋葬了2对文明：文明2456与文明1315 文明2214与文明3325 
10099号空间共埋葬了1对文明：文明2981与文明4609 
11981号空间共埋葬了1对文明：文明4617与文明3209 
